,ACOT6,APRT,ASNS,AURKA,BACE1,BIRC5,BLM,BTD,CACNA1C,CACNB4,CARD8,CASP5,CCNA2,CCT6A,CD163L1,CDC6,CIAO1,CNOT3,CUL4A,CUX2,DDX21,DDX56,DHX8,DNA2,EIF3B,EIF3G,EIF4A3,FANCM,FASTKD1,FHL5,FTH1,HOXB7,HSPA5,IL4R,KIF23,LRP10,MDM2,MED14,MED27,MED4,MED7,MMUT,MSH5,NFKBIB,NOP2,NQO2,NXF1,PDE6B,PDLIM1,PRKCE,PRPF18,PRPF8,PRSS36,PSMA1,PSMA4,PSMA5,PSMA6,PSMB1,PSMB2,PSMB3,PSMB4,PSMB5,PSMB6,PSMB7,PSMC1,PSMC2,PSMC6,PSMD14,PSMD7,RAN,RIPK4,RPA1,RPL4,RPS2,RPS23,RRM1,SLC6A8,SLFN12,SNW1,SOX21,STAR,TCP1,THAP12,TMX2,UGT3A1,VCP,XAB2,ZNF165,ZNF443
ACOT6,1.0,0.58627695,0.41130486,0.7106945,0.37026894,0.32101282,0.4178524,0.44052064,0.65224904,0.76003724,-0.15101914,0.3999259,0.18475655,0.56023955,0.33106586,0.7975976,-0.25171217,-0.18253163,-0.48284712,-0.23863268,0.56335825,0.69063884,0.84265566,0.44003862,0.71210086,0.7459075,0.9248297,0.25832376,-0.3994673,-0.36568382,0.5487622,0.29346347,0.87325925,0.5219838,0.22041245,0.5205072,0.788573,0.6340758,0.63801706,0.70876044,0.5414098,0.3804583,0.6573493,-0.18832684,0.45111522,-0.20437753,0.8990197,-0.4629769,0.53154016,-0.321486,0.78985023,0.8083174,0.44709986,0.789457,0.77158266,0.8023081,0.7840547,-0.2549758,0.8422586,0.84352034,0.8363112,0.73644876,0.8057778,0.84953856,0.6897456,0.75973594,0.80637157,0.7687248,0.8122155,0.9191524,-0.3758786,0.23889495,0.8901981,0.67749447,0.8360521,0.56022435,0.37484702,0.39601332,0.74464756,-0.24791978,0.16209546,0.5423782,0.30404824,0.32722604,0.63317055,0.8474271,0.78208464,-0.24219611,-0.29864845
APRT,0.58627695,1.0,0.8011117,0.87925863,0.83945423,0.6764152,0.81794,0.9045272,0.890128,0.8410026,-0.6082224,0.8082621,0.7198628,0.6830231,0.7941636,0.8161555,-0.720382,-0.67462826,-0.8174688,-0.7219438,0.795962,0.8097856,0.6478514,0.7829675,0.7171042,0.6974285,0.55241597,0.8220594,-0.8307513,-0.80513,0.92876905,0.7666785,0.49749777,0.91213024,0.528668,0.89341676,0.5595191,0.7522458,0.6822008,0.80201536,0.6757498,0.8230299,0.9145057,-0.65999514,0.8701147,-0.6699189,0.5189263,-0.8049734,0.91461474,-0.80393785,0.72543675,0.75781983,0.8628966,0.7288407,0.8011611,0.7045938,0.73667955,-0.70955575,0.70503175,0.7426725,0.7023796,0.8770327,0.647616,0.7234255,0.8716197,0.7815664,0.77713895,0.6034736,0.6895798,0.5167491,-0.7984837,0.7791748,0.70472676,0.78307015,0.73084575,0.86319256,0.7497255,0.864884,0.792743,-0.69114786,0.6874423,0.5536095,0.76302904,0.8074021,0.86618376,0.5580509,0.48575294,-0.714357,-0.7704793
ASNS,0.41130486,0.8011117,1.0,0.6769608,0.8274564,0.5226843,0.7562372,0.83846575,0.771681,0.6267142,-0.80842215,0.7646056,0.76332474,0.684258,0.86284095,0.65713954,-0.8646239,-0.87107563,-0.9183319,-0.89550084,0.77228606,0.71694756,0.4548963,0.5279818,0.47203374,0.44205678,0.38404495,0.71505684,-0.91565406,-0.9233878,0.85607356,0.9267789,0.25287428,0.82711065,0.3825193,0.6967779,0.23814075,0.6178241,0.4902733,0.6626462,0.5697537,0.86423534,0.70495456,-0.8575569,0.81787854,-0.81402326,0.39555725,-0.86997324,0.8532635,-0.91693264,0.5885473,0.58547586,0.9283422,0.45960087,0.60141134,0.4633082,0.54041207,-0.8311157,0.46226394,0.4577819,0.46506688,0.6508938,0.38033408,0.48038772,0.69917184,0.49837577,0.5221962,0.3323655,0.42104,0.3368285,-0.91980165,0.6449804,0.45346457,0.68174446,0.5229451,0.61667323,0.9022062,0.7967957,0.659982,-0.8741263,0.75757116,0.54320824,0.9067959,0.8591897,0.64646876,0.41513473,0.31842306,-0.8181403,-0.89881897
AURKA,0.7106945,0.87925863,0.6769608,1.0,0.69582194,0.7252533,0.739443,0.7818358,0.88625586,0.89011616,-0.4981606,0.7237612,0.6331982,0.61905473,0.6483482,0.9026982,-0.52731144,-0.53048176,-0.71894836,-0.59570223,0.68444604,0.76961035,0.77449614,0.8119117,0.8426338,0.8282461,0.6783878,0.7631188,-0.6945641,-0.6608174,0.87883145,0.64182675,0.64832777,0.8159467,0.6174368,0.8791739,0.71685547,0.7710496,0.6996636,0.82817155,0.65223,0.70172894,0.93170756,-0.5450461,0.7308554,-0.49193677,0.6333049,-0.6779769,0.832504,-0.6428494,0.8090044,0.88904274,0.77728146,0.7954894,0.82832795,0.7880932,0.8183284,-0.5261814,0.8090992,0.83211374,0.8066878,0.91365546,0.7618093,0.8159517,0.8717377,0.866187,0.825072,0.748989,0.7685668,0.63768154,-0.66432685,0.72647107,0.79323506,0.77841675,0.8115122,0.8799203,0.6124204,0.75150526,0.8881456,-0.5339403,0.5772738,0.5374307,0.6195517,0.6762207,0.9405027,0.6816848,0.63217854,-0.51358443,-0.6073589
BACE1,0.37026894,0.83945423,0.8274564,0.69582194,1.0,0.63549596,0.8314852,0.8959232,0.7546964,0.66755265,-0.61641204,0.92461205,0.82764494,0.58955836,0.8110125,0.5682002,-0.808179,-0.7183833,-0.83908767,-0.79289365,0.82230616,0.77088636,0.33534044,0.76903284,0.5126817,0.4584693,0.28284216,0.8132315,-0.86623585,-0.8439883,0.84952915,0.7753022,0.20937015,0.9281456,0.5091371,0.8472592,0.36524576,0.64469576,0.60341316,0.6814622,0.6346954,0.8245907,0.7692737,-0.67161286,0.9341314,-0.80165666,0.25601247,-0.8444521,0.87452877,-0.8523526,0.44784772,0.5396739,0.831699,0.5628598,0.64251614,0.5228999,0.53612125,-0.8092791,0.47146654,0.51298934,0.4922586,0.7425873,0.4463594,0.5066623,0.71677536,0.59001786,0.54553735,0.40141454,0.47454166,0.25919294,-0.8648024,0.7975108,0.52125484,0.763884,0.57098466,0.7532611,0.8055915,0.8958973,0.5895645,-0.80458075,0.78486663,0.4098526,0.8207454,0.8286954,0.7073315,0.27168372,0.13343005,-0.82654095,-0.84713805
BIRC5,0.32101282,0.6764152,0.5226843,0.7252533,0.63549596,1.0,0.6791096,0.6849678,0.59371907,0.53358865,-0.42012313,0.68357396,0.7305618,0.35040233,0.56846935,0.56122136,-0.39208975,-0.3893817,-0.5266687,-0.46979043,0.5293658,0.56248724,0.4759524,0.80939937,0.6496779,0.58130187,0.3251387,0.8256255,-0.5653593,-0.5012493,0.7207625,0.53821874,0.31432185,0.6590319,0.9391444,0.76271725,0.33361557,0.46063858,0.439534,0.51860404,0.41432703,0.6244769,0.7296139,-0.4017877,0.6112242,-0.30619776,0.28111973,-0.5482005,0.62030333,-0.4863269,0.54984194,0.50743765,0.5985896,0.41983086,0.41569975,0.3708018,0.4104151,-0.4079515,0.39391747,0.4308916,0.3884682,0.62002987,0.3958586,0.44252795,0.52937585,0.550033,0.46353832,0.33549264,0.38492185,0.29364008,-0.5007625,0.81627405,0.42659628,0.6177768,0.5282493,0.69305974,0.49623284,0.71689624,0.60332346,-0.41620228,0.6986907,0.22385128,0.562114,0.6469179,0.75266755,0.27747813,0.34734732,-0.32749936,-0.4346202
BLM,0.4178524,0.81794,0.7562372,0.739443,0.8314852,0.6791096,1.0,0.84558266,0.6898369,0.64592665,-0.51329595,0.8008487,0.7949736,0.5061491,0.72692186,0.6404034,-0.64579666,-0.58080995,-0.7324151,-0.6831429,0.7630855,0.7470489,0.4152633,0.75692415,0.5729381,0.5150246,0.3609116,0.7683065,-0.7736742,-0.7075756,0.8474285,0.69184273,0.35312408,0.8240009,0.60836595,0.8129303,0.41468865,0.6372189,0.60837114,0.66577625,0.59779865,0.7470335,0.81734604,-0.56779635,0.8159065,-0.6487282,0.34557074,-0.73418546,0.752658,-0.7433913,0.50288725,0.57264876,0.7902742,0.53994304,0.6217331,0.48952106,0.494932,-0.64873224,0.4571963,0.5295051,0.51211363,0.69715255,0.45833936,0.5146815,0.6912053,0.65772367,0.58712786,0.427565,0.46882126,0.35101607,-0.7266056,0.7917949,0.55501515,0.7246006,0.60328424,0.74701345,0.689034,0.922941,0.5940713,-0.65316504,0.73417056,0.3335841,0.68287206,0.737446,0.7669974,0.3336644,0.23872884,-0.68014896,-0.69671893
BTD,0.44052064,0.9045272,0.83846575,0.7818358,0.8959232,0.6849678,0.84558266,1.0,0.81578225,0.7301407,-0.66277033,0.8584735,0.81448776,0.67671096,0.8300582,0.691567,-0.76681656,-0.7204167,-0.8331945,-0.76116806,0.8118147,0.7746857,0.49059448,0.7618118,0.63528067,0.57859737,0.40032762,0.8423459,-0.8429632,-0.8295248,0.92677414,0.7952025,0.33161187,0.9136078,0.54096514,0.87004054,0.42268836,0.7025804,0.63553023,0.7330919,0.6690366,0.8713661,0.86618483,-0.70502454,0.90308213,-0.73416495,0.3640314,-0.843975,0.8861505,-0.8486124,0.60454255,0.6371569,0.8525782,0.6039346,0.69991505,0.5576698,0.6046517,-0.7665618,0.55035996,0.58402604,0.5599462,0.78082454,0.5126209,0.5851587,0.8024649,0.66826695,0.6551058,0.4891209,0.55887204,0.36015674,-0.8613919,0.8173723,0.576314,0.7682222,0.6386965,0.823527,0.8020546,0.8886073,0.68665725,-0.76136243,0.76961225,0.5323908,0.8215706,0.850951,0.79734725,0.40620044,0.31093183,-0.7369519,-0.8172258
CACNA1C,0.65224904,0.890128,0.771681,0.88625586,0.7546964,0.59371907,0.6898369,0.81578225,1.0,0.91990095,-0.6150316,0.7442896,0.6172417,0.69252634,0.7327574,0.84451246,-0.6661809,-0.6603384,-0.83206326,-0.69185925,0.73068005,0.7806546,0.7224936,0.7169924,0.74476093,0.75049275,0.6234883,0.73049796,-0.77855843,-0.78927755,0.8804907,0.7417527,0.53899264,0.8628333,0.44932717,0.8525075,0.63446635,0.79905003,0.7029022,0.83793426,0.7035493,0.7792937,0.87516433,-0.6579581,0.80064696,-0.6199725,0.5775612,-0.7734338,0.9296483,-0.7599294,0.78730965,0.8349043,0.83754563,0.802749,0.8878754,0.8176007,0.8751815,-0.665073,0.82208276,0.8215103,0.81286526,0.9227865,0.77535915,0.8180122,0.9275576,0.82201225,0.8220038,0.7077395,0.786927,0.56102043,-0.76765054,0.68195736,0.7379278,0.7577762,0.7559462,0.8417416,0.71908,0.72885567,0.85180765,-0.6659646,0.59867257,0.6139838,0.72446984,0.72807354,0.85601366,0.640419,0.56416273,-0.6500884,-0.7501241
CACNB4,0.76003724,0.8410026,0.6267142,0.89011616,0.66755265,0.53358865,0.64592665,0.7301407,0.91990095,1.0,-0.41195193,0.6879005,0.4849639,0.63555115,0.5775398,0.8576993,-0.501478,-0.4605424,-0.71857697,-0.5224107,0.67455256,0.7772893,0.76594025,0.72226936,0.81317085,0.8141117,0.70967656,0.6071251,-0.6541695,-0.6477913,0.81676924,0.5579989,0.6693377,0.80276054,0.41287705,0.8265506,0.82151306,0.84793603,0.80527896,0.88889027,0.75492305,0.6471663,0.8881999,-0.46826464,0.7158788,-0.49269718,0.6413765,-0.67691797,0.83391786,-0.60776293,0.7786643,0.8732277,0.72126836,0.9140595,0.9330423,0.9046492,0.9183855,-0.5240156,0.8930594,0.9168473,0.90410376,0.9443079,0.87968034,0.9075892,0.9184831,0.90423954,0.89452004,0.84924173,0.8904387,0.6543744,-0.6423039,0.58952916,0.8518564,0.76416594,0.8440992,0.82949555,0.5598582,0.6589642,0.8495719,-0.5119177,0.43692413,0.5835243,0.5345334,0.5823812,0.8628689,0.7051884,0.6242742,-0.52435917,-0.6034278
CARD8,-0.15101914,-0.6082224,-0.80842215,-0.4981606,-0.61641204,-0.42012313,-0.51329595,-0.66277033,-0.6150316,-0.41195193,1.0,-0.5608722,-0.7058823,-0.5591762,-0.8447408,-0.46347773,0.77975523,0.9352502,0.79352146,0.8514308,-0.46903434,-0.36983043,-0.36779717,-0.30956557,-0.3604329,-0.34306782,-0.22883937,-0.62404853,0.777858,0.8503655,-0.65382844,-0.8567297,-0.09926573,-0.5762271,-0.31266093,-0.48427126,-0.00069751334,-0.4053385,-0.19821155,-0.44759825,-0.2975696,-0.8263858,-0.46562794,0.94594496,-0.6266598,0.734588,-0.2426446,0.7575927,-0.6865098,0.81227463,-0.4933324,-0.39942434,-0.77550876,-0.20331481,-0.35715452,-0.22320099,-0.35203946,0.78435355,-0.30113068,-0.23289585,-0.22495401,-0.42418805,-0.1510081,-0.2762707,-0.52519196,-0.26981235,-0.26699919,-0.12527601,-0.21545655,-0.14816935,0.82241,-0.49454477,-0.19228397,-0.37614864,-0.2731986,-0.40727517,-0.845102,-0.58695835,-0.48565677,0.82918555,-0.7594811,-0.4884872,-0.8707989,-0.8104664,-0.44950262,-0.32940674,-0.28976008,0.699918,0.81678665
CASP5,0.3999259,0.8082621,0.7646056,0.7237612,0.92461205,0.68357396,0.8008487,0.8584735,0.7442896,0.6879005,-0.5608722,1.0,0.78923166,0.541105,0.75715756,0.59565145,-0.67907757,-0.6406595,-0.8138459,-0.7218452,0.78033465,0.7524894,0.3684033,0.79327035,0.5713831,0.4948183,0.30469868,0.803205,-0.8154407,-0.76352346,0.8429518,0.7217358,0.2375828,0.89372176,0.5808061,0.8569883,0.4320335,0.666417,0.6394057,0.698645,0.6559875,0.7788504,0.7897726,-0.6096726,0.87355334,-0.71277124,0.25800472,-0.7839647,0.8527369,-0.7898531,0.47720996,0.59975624,0.79134995,0.58959574,0.6344829,0.5518841,0.55615884,-0.68765694,0.49475315,0.54198927,0.5241134,0.74793667,0.4888257,0.5336476,0.7115617,0.61316985,0.5383666,0.46808627,0.49408865,0.27029556,-0.79712254,0.7850054,0.5652333,0.788639,0.59721947,0.7659602,0.7314963,0.8607313,0.634772,-0.69634616,0.72700906,0.38193858,0.7398947,0.76746494,0.7412738,0.27145907,0.16847754,-0.7304033,-0.75180024
CCNA2,0.18475655,0.7198628,0.76332474,0.6331982,0.82764494,0.7305618,0.7949736,0.81448776,0.6172417,0.4849639,-0.7058823,0.78923166,1.0,0.49257463,0.8260858,0.4911603,-0.7084078,-0.733777,-0.7249763,-0.78444165,0.64000237,0.55810887,0.28330585,0.6699016,0.43922946,0.37292844,0.16034639,0.8415099,-0.7765133,-0.76800925,0.79628354,0.7784895,0.11667058,0.765492,0.66141135,0.7230659,0.15346274,0.50495094,0.40648752,0.5238561,0.45348713,0.827411,0.66852456,-0.7142506,0.8023264,-0.6675196,0.1534075,-0.7512406,0.7361478,-0.7806954,0.43646613,0.4274983,0.7887123,0.32976663,0.42703667,0.29099903,0.34471944,-0.7135151,0.3087117,0.31355485,0.2866741,0.5813089,0.2554125,0.3396073,0.5673146,0.43166518,0.35728943,0.21136105,0.26024872,0.15044531,-0.80268365,0.80850804,0.31008598,0.5946566,0.4093827,0.6306021,0.7654958,0.84961164,0.5101734,-0.75242525,0.9322808,0.33022857,0.81223977,0.84831834,0.6303197,0.18756144,0.14175043,-0.6667575,-0.75238234
CCT6A,0.56023955,0.6830231,0.684258,0.61905473,0.58955836,0.35040233,0.5061491,0.67671096,0.69252634,0.63555115,-0.5591762,0.541105,0.49257463,1.0,0.66471666,0.70626026,-0.5883768,-0.58617723,-0.65886825,-0.546315,0.64316356,0.63825184,0.60014004,0.40031162,0.50257283,0.5177921,0.5206685,0.49787423,-0.61397105,-0.66586876,0.6825292,0.60923076,0.41133776,0.6387007,0.17437698,0.57133526,0.406359,0.6012762,0.44661924,0.6211115,0.49910146,0.6752413,0.6247049,-0.5980854,0.63757414,-0.51415014,0.49997616,-0.69031966,0.6947564,-0.63799274,0.64450425,0.6461074,0.63578314,0.50961196,0.6262714,0.5536246,0.64176655,-0.5688767,0.6149633,0.56638676,0.5061422,0.6446482,0.50962424,0.5538581,0.7177694,0.50667864,0.5950237,0.48161966,0.5585262,0.5463642,-0.66224235,0.4159456,0.537923,0.59031445,0.5661002,0.51873463,0.6560065,0.58584636,0.6495528,-0.56729573,0.5096143,0.93395156,0.66166884,0.6826502,0.56866306,0.6001269,0.52186954,-0.5127763,-0.6155068
CD163L1,0.33106586,0.7941636,0.86284095,0.6483482,0.8110125,0.56846935,0.72692186,0.8300582,0.7327574,0.5775398,-0.8447408,0.75715756,0.8260858,0.66471666,1.0,0.603859,-0.8021578,-0.8689443,-0.8550244,-0.8354887,0.6362808,0.56093585,0.44752368,0.5427819,0.43070573,0.4101698,0.34645164,0.7638575,-0.8727664,-0.8867785,0.8150041,0.86985314,0.22096577,0.7785638,0.4332905,0.69979316,0.20553122,0.55479485,0.3854436,0.60206866,0.44494066,0.9455321,0.6758139,-0.85010797,0.83301854,-0.7644111,0.32465452,-0.8502676,0.8211027,-0.8809216,0.58160985,0.53348154,0.8549162,0.3797715,0.5176919,0.40787876,0.47558942,-0.8137557,0.45884654,0.4224445,0.40262884,0.6179666,0.32468224,0.42391622,0.6520858,0.4514241,0.44583493,0.26482528,0.34633926,0.30313054,-0.88077337,0.6546159,0.38485324,0.57338595,0.43287817,0.5763547,0.85860497,0.7993817,0.6052492,-0.8181467,0.8368636,0.5436625,0.9040612,0.9393399,0.6339632,0.3827807,0.31435362,-0.77310634,-0.8264568
CDC6,0.7975976,0.8161555,0.65713954,0.9026982,0.5682002,0.56122136,0.6404034,0.691567,0.84451246,0.8576993,-0.46347773,0.59565145,0.4911603,0.70626026,0.603859,1.0,-0.4534882,-0.49814048,-0.66307044,-0.53802043,0.62012446,0.7035634,0.86122644,0.6480832,0.7921801,0.80232674,0.78025717,0.6188782,-0.6164043,-0.6060123,0.8156185,0.6072981,0.7274704,0.70485663,0.4211866,0.7566918,0.72619677,0.7179224,0.6294869,0.7846595,0.5812885,0.6430151,0.8549022,-0.52976817,0.61501986,-0.4037846,0.7545291,-0.61525774,0.76296896,-0.58204377,0.86157745,0.9363531,0.70716035,0.7829562,0.81544054,0.80614525,0.8449123,-0.44284892,0.8404891,0.85268646,0.83452123,0.8536607,0.7496233,0.835395,0.847927,0.81256217,0.8513506,0.7828264,0.78945595,0.7415276,-0.6096736,0.55966586,0.79713756,0.69669443,0.7906179,0.77824885,0.55303633,0.6527889,0.9239163,-0.4620368,0.46079654,0.6707256,0.56480706,0.61470336,0.86620826,0.8219771,0.7557181,-0.4363895,-0.5415617
CIAO1,-0.25171217,-0.720382,-0.8646239,-0.52731144,-0.808179,-0.39208975,-0.64579666,-0.76681656,-0.6661809,-0.501478,0.77975523,-0.67907757,-0.7084078,-0.5883768,-0.8021578,-0.4534882,1.0,0.8548216,0.8449518,0.8680348,-0.7158561,-0.6302338,-0.29775247,-0.453028,-0.36007184,-0.35419923,-0.2546179,-0.64903206,0.8871276,0.8942146,-0.73298323,-0.8264074,-0.13125505,-0.775362,-0.27291515,-0.61926854,-0.10452191,-0.47974852,-0.39931893,-0.5314392,-0.47544843,-0.79949594,-0.55916584,0.83070856,-0.8125146,0.8853446,-0.26935342,0.8583251,-0.76950973,0.9110772,-0.4123287,-0.37668422,-0.82362205,-0.35880402,-0.51876765,-0.3495225,-0.40810093,0.930017,-0.34142432,-0.3370256,-0.3374694,-0.5531367,-0.26648936,-0.35108992,-0.60624236,-0.39433455,-0.42336032,-0.17709522,-0.3182337,-0.21115264,0.9100851,-0.58164924,-0.33489925,-0.58785945,-0.42993578,-0.53423727,-0.892559,-0.7272415,-0.434992,0.92523,-0.73940283,-0.43633193,-0.87912554,-0.7901967,-0.48343483,-0.28599614,-0.1564733,0.87386954,0.8906009
CNOT3,-0.18253163,-0.67462826,-0.87107563,-0.53048176,-0.7183833,-0.3893817,-0.58080995,-0.7204167,-0.6603384,-0.4605424,0.9352502,-0.6406595,-0.733777,-0.58617723,-0.8689443,-0.49814048,0.8548216,1.0,0.8492288,0.92295563,-0.56974745,-0.46202123,-0.31856903,-0.37636518,-0.333952,-0.32100907,-0.20554471,-0.66494894,0.8495983,0.90865934,-0.6988597,-0.89904857,-0.07928645,-0.6787396,-0.26157632,-0.5551748,-0.038735185,-0.4445891,-0.25518218,-0.47650388,-0.34519926,-0.8448346,-0.516594,0.96126425,-0.71731,0.8333244,-0.22601657,0.795626,-0.76532143,0.88649064,-0.4584569,-0.43729243,-0.83477354,-0.26479426,-0.4320153,-0.294081,-0.39697278,0.83858377,-0.33143482,-0.2805079,-0.27727702,-0.48766127,-0.1823127,-0.29452747,-0.5774586,-0.30471453,-0.30916148,-0.16457374,-0.24086194,-0.13565034,0.8748359,-0.55076027,-0.24580756,-0.44940275,-0.3041461,-0.46362367,-0.8790195,-0.6630542,-0.5130048,0.8745096,-0.7491249,-0.49190927,-0.9017079,-0.8330601,-0.49091816,-0.30174124,-0.20465127,0.82455766,0.89681494
CUL4A,-0.48284712,-0.8174688,-0.9183319,-0.71894836,-0.83908767,-0.5266687,-0.7324151,-0.8331945,-0.83206326,-0.71857697,0.79352146,-0.8138459,-0.7249763,-0.65886825,-0.8550244,-0.66307044,0.8449518,0.8492288,1.0,0.8604103,-0.7702685,-0.7437576,-0.5229829,-0.5821602,-0.56164575,-0.53759456,-0.45648545,-0.6973994,0.9322535,0.9209672,-0.8398095,-0.8576726,-0.33154562,-0.85010624,-0.39647564,-0.7413839,-0.3650543,-0.7002282,-0.5813239,-0.73119986,-0.6414973,-0.8727642,-0.73467684,0.831056,-0.8580638,0.82939374,-0.43770006,0.92915875,-0.87883925,0.90860665,-0.6344935,-0.6342485,-0.89457923,-0.5634509,-0.68455327,-0.5714521,-0.6255658,0.85372514,-0.57565516,-0.55418974,-0.56245756,-0.72290945,-0.4865142,-0.57427233,-0.75134194,-0.58167034,-0.581109,-0.4376293,-0.5278146,-0.39125118,0.9218901,-0.6227082,-0.5626626,-0.73763436,-0.6050955,-0.6580187,-0.88706464,-0.7888604,-0.69868493,0.8674444,-0.736279,-0.5304066,-0.8754559,-0.8189479,-0.6826795,-0.45870242,-0.3651754,0.8374063,0.8882275
CUX2,-0.23863268,-0.7219438,-0.89550084,-0.59570223,-0.79289365,-0.46979043,-0.6831429,-0.76116806,-0.69185925,-0.5224107,0.8514308,-0.7218452,-0.78444165,-0.546315,-0.8354887,-0.53802043,0.8680348,0.92295563,0.8604103,1.0,-0.6685558,-0.57857275,-0.30344635,-0.4995236,-0.3798354,-0.34852767,-0.22080399,-0.7303869,0.89054173,0.91183996,-0.7643369,-0.9046462,-0.11599626,-0.7585551,-0.35465762,-0.646275,-0.1250522,-0.4882534,-0.35674986,-0.53123516,-0.4232831,-0.8271493,-0.600374,0.89904046,-0.76535696,0.8469087,-0.24716567,0.80141026,-0.78999007,0.90958,-0.44436827,-0.47990894,-0.87046385,-0.34695742,-0.47604573,-0.35546577,-0.4174813,0.8394278,-0.342862,-0.32599908,-0.34268403,-0.55677754,-0.2410156,-0.34854272,-0.6153598,-0.39518902,-0.38202804,-0.22999468,-0.30029973,-0.15937456,0.88427436,-0.65261704,-0.32010403,-0.55269957,-0.3893026,-0.56320953,-0.86061585,-0.75609505,-0.56578004,0.88392353,-0.77184564,-0.43059787,-0.8719978,-0.8069271,-0.5718991,-0.29534882,-0.17590757,0.8420637,0.9120461
DDX21,0.56335825,0.795962,0.77228606,0.68444604,0.82230616,0.5293658,0.7630855,0.8118147,0.73068005,0.67455256,-0.46903434,0.78033465,0.64000237,0.64316356,0.6362808,0.62012446,-0.7158561,-0.56974745,-0.7702685,-0.6685558,1.0,0.9304282,0.4353721,0.6842909,0.588573,0.53886384,0.44157183,0.65421635,-0.76863396,-0.7220527,0.7862759,0.64856374,0.37074634,0.85694146,0.39760622,0.75945807,0.4320463,0.6415002,0.66728956,0.6929263,0.67257106,0.669164,0.7674271,-0.5122646,0.82568437,-0.6613454,0.42756215,-0.7837225,0.7907918,-0.7614523,0.5198913,0.58679235,0.73485893,0.6147615,0.68730515,0.5580175,0.5598766,-0.68134445,0.51133746,0.5695638,0.5625858,0.7477739,0.5297006,0.56860757,0.7195001,0.6313313,0.6337193,0.4734607,0.5578858,0.4525432,-0.7429923,0.68580174,0.6785849,0.90636635,0.73188347,0.73273695,0.7528704,0.80965143,0.62097335,-0.6883095,0.5836311,0.48081455,0.6902974,0.65554607,0.6664587,0.38120234,0.27418238,-0.692702,-0.7311014
DDX56,0.69063884,0.8097856,0.71694756,0.76961035,0.77088636,0.56248724,0.7470489,0.7746857,0.7806546,0.7772893,-0.36983043,0.7524894,0.55810887,0.63825184,0.56093585,0.7035634,-0.6302338,-0.46202123,-0.7437576,-0.57857275,0.9304282,1.0,0.5597388,0.72232115,0.6992287,0.6646445,0.57035947,0.62284297,-0.73146987,-0.67346334,0.7952691,0.58186126,0.52422714,0.8570279,0.44340187,0.79086137,0.5960305,0.7166559,0.7589983,0.77548015,0.7220921,0.6230943,0.8239646,-0.43376777,0.78422546,-0.5754683,0.5409632,-0.7482461,0.7879718,-0.6883444,0.6090455,0.68425,0.713746,0.73538285,0.786708,0.6965496,0.68200815,-0.60059005,0.65029097,0.7014244,0.7000349,0.8189295,0.6819804,0.6932304,0.7739933,0.7589517,0.7554658,0.61057925,0.69689435,0.5776639,-0.67750764,0.6457932,0.80760604,0.93315756,0.84208614,0.76694006,0.6661317,0.77217317,0.69515145,-0.59272456,0.5020939,0.47702795,0.6056013,0.5917632,0.73748857,0.49310273,0.39604053,-0.62464774,-0.6538275
DHX8,0.84265566,0.6478514,0.4548963,0.77449614,0.33534044,0.4759524,0.4152633,0.49059448,0.7224936,0.76594025,-0.36779717,0.3684033,0.28330585,0.60014004,0.44752368,0.86122644,-0.29775247,-0.31856903,-0.5229829,-0.30344635,0.4353721,0.5597388,1.0,0.4287388,0.79536927,0.854839,0.92058367,0.37734455,-0.43627784,-0.4389552,0.62329984,0.3986521,0.8661246,0.49254492,0.37322018,0.53750896,0.68693745,0.61818033,0.55422324,0.7094045,0.4951252,0.52004236,0.6883416,-0.36610985,0.44328305,-0.18305995,0.8798605,-0.52571756,0.5729934,-0.3619196,0.9441264,0.82814485,0.51129395,0.7165694,0.7337631,0.74085027,0.79699475,-0.3147356,0.84700966,0.8152077,0.79219425,0.733007,0.753286,0.8341255,0.7142498,0.7473175,0.8060338,0.7052106,0.77824116,0.8708281,-0.4360924,0.31064945,0.76555306,0.5662961,0.7790243,0.5802811,0.43504867,0.40768424,0.80365765,-0.31584212,0.31141323,0.6069996,0.41679126,0.45386487,0.7020167,0.91407406,0.9465714,-0.21127017,-0.332743
DNA2,0.44003862,0.7829675,0.5279818,0.8119117,0.76903284,0.80939937,0.75692415,0.7618118,0.7169924,0.72226936,-0.30956557,0.79327035,0.6699016,0.40031162,0.5427819,0.6480832,-0.453028,-0.37636518,-0.5821602,-0.4995236,0.6842909,0.72232115,0.4287388,1.0,0.68540204,0.61487526,0.3510585,0.84405315,-0.621186,-0.54402304,0.77118117,0.51776874,0.3614365,0.81091475,0.7259498,0.9325712,0.60696226,0.63077813,0.64423037,0.65642524,0.5775189,0.592671,0.85157967,-0.36743912,0.7311971,-0.461835,0.28795853,-0.5815514,0.7409493,-0.5767146,0.46733668,0.6523293,0.622716,0.6824843,0.65351194,0.6214834,0.5869504,-0.47454366,0.56681305,0.6430333,0.61689955,0.8041038,0.59523404,0.6071952,0.7045072,0.7474288,0.6495314,0.60918236,0.6010939,0.3200988,-0.5529242,0.88349736,0.6375296,0.7484333,0.65628487,0.8951916,0.4758505,0.7863949,0.67544967,-0.45664752,0.5971083,0.2737465,0.50626385,0.5890337,0.8645874,0.31754455,0.23586456,-0.4890897,-0.52017313
EIF3B,0.71210086,0.7171042,0.47203374,0.8426338,0.5126817,0.6496779,0.5729381,0.63528067,0.74476093,0.81317085,-0.3604329,0.5713831,0.43922946,0.50257283,0.43070573,0.7921801,-0.36007184,-0.333952,-0.56164575,-0.3798354,0.588573,0.6992287,0.79536927,0.68540204,1.0,0.9462793,0.7311341,0.5722174,-0.50335085,-0.4925888,0.7104915,0.4088707,0.74727273,0.6444814,0.5707235,0.7370966,0.75386626,0.65199566,0.68206096,0.7572161,0.5883346,0.53435856,0.81507504,-0.36669168,0.5578234,-0.2947584,0.67588335,-0.57214695,0.65381205,-0.42721602,0.7639943,0.79365915,0.5629657,0.7998022,0.78013176,0.7210106,0.7706826,-0.38345414,0.78004295,0.8180242,0.78498495,0.81917834,0.788216,0.8357482,0.7893129,0.8522776,0.81505716,0.78204095,0.83248574,0.66977763,-0.5074142,0.5639634,0.8201999,0.7384589,0.8726988,0.77080387,0.47828162,0.591868,0.7741962,-0.38842505,0.4182016,0.44923347,0.4312955,0.46768963,0.8100325,0.7212695,0.7000743,-0.29922807,-0.43098283
EIF3G,0.7459075,0.6974285,0.44205678,0.8282461,0.4584693,0.58130187,0.5150246,0.57859737,0.75049275,0.8141117,-0.34306782,0.4948183,0.37292844,0.5177921,0.4101698,0.80232674,-0.35419923,-0.32100907,-0.53759456,-0.34852767,0.53886384,0.6646445,0.854839,0.61487526,0.9462793,1.0,0.795253,0.49207768,-0.4722875,-0.48660868,0.66838527,0.3770281,0.80185586,0.6032184,0.4983003,0.6863315,0.75953346,0.63419056,0.6647749,0.748626,0.5612946,0.51300746,0.77006024,-0.35795426,0.52434814,-0.28710586,0.73926187,-0.5565109,0.63271314,-0.39036238,0.80599105,0.8005149,0.5304929,0.80718297,0.7947147,0.7483532,0.8055545,-0.37531722,0.8163359,0.84312,0.81289905,0.8140148,0.803199,0.8588876,0.79186654,0.85857904,0.8483075,0.7787916,0.85254645,0.72340983,-0.48070994,0.4820303,0.8215584,0.6922252,0.87221634,0.73514307,0.45737505,0.5388191,0.77361375,-0.36460784,0.3677558,0.47226024,0.4055005,0.43782026,0.77654356,0.7872007,0.76485735,-0.28904924,-0.4037872
EIF4A3,0.9248297,0.55241597,0.38404495,0.6783878,0.28284216,0.3251387,0.3609116,0.40032762,0.6234883,0.70967656,-0.22883937,0.30469868,0.16034639,0.5206685,0.34645164,0.78025717,-0.2546179,-0.20554471,-0.45648545,-0.22080399,0.44157183,0.57035947,0.92058367,0.3510585,0.7311341,0.795253,1.0,0.23668858,-0.37749752,-0.355419,0.5216413,0.2920894,0.9301955,0.4395718,0.23850624,0.45785242,0.72526705,0.56720555,0.5635092,0.6772475,0.47759652,0.40653324,0.6067363,-0.24091865,0.3866784,-0.16502567,0.9606407,-0.46133387,0.47667012,-0.2931272,0.8452148,0.76372343,0.4158129,0.72250044,0.718343,0.7316225,0.7496877,-0.26511008,0.8239697,0.80446506,0.79767406,0.6725869,0.7507087,0.8311549,0.64835596,0.72665346,0.7944205,0.7082409,0.7824187,0.94202787,-0.36726943,0.19312721,0.81318086,0.56575614,0.79306024,0.50318646,0.36807382,0.34108087,0.7034112,-0.25747448,0.19314653,0.5198912,0.30816656,0.32747492,0.6099688,0.92360413,0.88934785,-0.18596804,-0.26886848
FANCM,0.25832376,0.8220594,0.71505684,0.7631188,0.8132315,0.8256255,0.7683065,0.8423459,0.73049796,0.6071251,-0.62404853,0.803205,0.8415099,0.49787423,0.7638575,0.6188782,-0.64903206,-0.66494894,-0.6973994,-0.7303869,0.65421635,0.62284297,0.37734455,0.84405315,0.5722174,0.49207768,0.23668858,1.0,-0.7694473,-0.7168544,0.8454258,0.76356465,0.19048285,0.8179364,0.7160308,0.87320167,0.3077875,0.5357196,0.44075173,0.5737132,0.45315194,0.7853633,0.7987854,-0.6590717,0.7906999,-0.59375966,0.21222924,-0.6777067,0.81187356,-0.76794636,0.49088556,0.5615555,0.7738244,0.45952123,0.52479684,0.44403586,0.47572115,-0.63571304,0.43811265,0.45839688,0.4306112,0.7048573,0.3848121,0.44699663,0.66702753,0.5729066,0.49749842,0.37237555,0.40608302,0.20637591,-0.7258372,0.92879474,0.41710272,0.6400429,0.49276492,0.80168486,0.65399307,0.83286774,0.6414451,-0.63954246,0.8135244,0.3660005,0.74335295,0.7988787,0.79416794,0.27177984,0.21748583,-0.61237335,-0.7039499
FASTKD1,-0.3994673,-0.8307513,-0.91565406,-0.6945641,-0.86623585,-0.5653593,-0.7736742,-0.8429632,-0.77855843,-0.6541695,0.777858,-0.8154407,-0.7765133,-0.61397105,-0.8727664,-0.6164043,0.8871276,0.8495983,0.9322535,0.89054173,-0.76863396,-0.73146987,-0.43627784,-0.621186,-0.50335085,-0.4722875,-0.37749752,-0.7694473,1.0,0.92227495,-0.844653,-0.86613804,-0.26548427,-0.8570933,-0.44820192,-0.7589352,-0.29018006,-0.6130629,-0.51771426,-0.66103256,-0.5630823,-0.87851256,-0.7224609,0.8229587,-0.86916316,0.85474056,-0.36002496,0.8970259,-0.8546266,0.95033944,-0.5607883,-0.55952865,-0.8999296,-0.49231145,-0.6149723,-0.49993467,-0.52738917,0.88045716,-0.4964802,-0.48208553,-0.49142608,-0.6821938,-0.40762112,-0.48937142,-0.7034975,-0.54551333,-0.53709364,-0.34875423,-0.44478145,-0.32238227,0.91129214,-0.68741083,-0.49175224,-0.7047994,-0.55675596,-0.65373755,-0.8642406,-0.83300626,-0.6280387,0.8727969,-0.7840838,-0.45256582,-0.87157524,-0.8497967,-0.67339057,-0.38184136,-0.2791523,0.87475616,0.88233894
FHL5,-0.36568382,-0.80513,-0.9233878,-0.6608174,-0.8439883,-0.5012493,-0.7075756,-0.8295248,-0.78927755,-0.6477913,0.8503655,-0.76352346,-0.76800925,-0.66586876,-0.8867785,-0.6060123,0.8942146,0.90865934,0.9209672,0.91183996,-0.7220527,-0.67346334,-0.4389552,-0.54402304,-0.4925888,-0.48660868,-0.355419,-0.7168544,0.92227495,1.0,-0.8244984,-0.8968806,-0.23133013,-0.8410754,-0.36373085,-0.7143007,-0.25605765,-0.6228202,-0.49177447,-0.66491723,-0.56044215,-0.89092076,-0.6801588,0.88836557,-0.8565289,0.8675928,-0.35603204,0.8986167,-0.8679658,0.91843945,-0.56411505,-0.5572838,-0.9027053,-0.48277518,-0.61399984,-0.47974926,-0.5599627,0.9043519,-0.4967776,-0.47371116,-0.46728095,-0.6665871,-0.39747036,-0.49059165,-0.72190106,-0.52038133,-0.51808506,-0.347403,-0.45942506,-0.2846125,0.93827343,-0.6330816,-0.4487857,-0.63167775,-0.5078745,-0.6171524,-0.9076037,-0.78171456,-0.63780046,0.9013003,-0.7753317,-0.5213288,-0.9072496,-0.8655982,-0.6263472,-0.39848322,-0.28920642,0.86799765,0.92656654
FTH1,0.5487622,0.92876905,0.85607356,0.87883145,0.84952915,0.7207625,0.8474285,0.92677414,0.8804907,0.81676924,-0.65382844,0.8429518,0.79628354,0.6825292,0.8150041,0.8156185,-0.73298323,-0.6988597,-0.8398095,-0.7643369,0.7862759,0.7952691,0.62329984,0.77118117,0.7104915,0.66838527,0.5216413,0.8454258,-0.844653,-0.8244984,1.0,0.8141233,0.4470095,0.9178603,0.5971661,0.89718723,0.5089746,0.7654065,0.6913441,0.8141923,0.707223,0.8547511,0.91510326,-0.70217824,0.870612,-0.663214,0.49466527,-0.82721853,0.91299236,-0.82180333,0.72457653,0.75203973,0.89473,0.6785793,0.7598762,0.6519335,0.7023245,-0.72145504,0.6502273,0.67664176,0.6634582,0.85311407,0.6008385,0.6852972,0.85313207,0.7423407,0.73750234,0.5709553,0.6366873,0.48143682,-0.8482811,0.78701454,0.6518779,0.7857833,0.71621203,0.843486,0.7756154,0.8703316,0.7941436,-0.7362185,0.7584908,0.55172104,0.80791205,0.8414403,0.8724102,0.52662426,0.46514666,-0.67533827,-0.79069823
HOXB7,0.29346347,0.7666785,0.9267789,0.64182675,0.7753022,0.53821874,0.69184273,0.7952025,0.7417527,0.5579989,-0.8567297,0.7217358,0.7784895,0.60923076,0.86985314,0.6072981,-0.8264074,-0.89904857,-0.8576726,-0.9046462,0.64856374,0.58186126,0.3986521,0.51776874,0.4088707,0.3770281,0.2920894,0.76356465,-0.86613804,-0.8968806,0.8141233,1.0,0.17495418,0.771848,0.40890354,0.67979354,0.14818068,0.53777975,0.3789147,0.57612026,0.46379426,0.8548735,0.6527081,-0.8965892,0.7646429,-0.77958447,0.31427756,-0.79195225,0.8313546,-0.8884301,0.5402645,0.5408917,0.9079129,0.37136924,0.51218253,0.3803699,0.4702672,-0.80312485,0.3915891,0.37812036,0.3744805,0.5928321,0.28945532,0.40809727,0.6523665,0.4229914,0.4346479,0.26326904,0.3396765,0.23511738,-0.8712835,0.6726078,0.34280017,0.55474734,0.40216073,0.59618545,0.85904366,0.74278265,0.61286354,-0.8475373,0.7839975,0.48892143,0.8970638,0.85840905,0.62049717,0.35565868,0.28029707,-0.7670141,-0.8806926
HSPA5,0.87325925,0.49749777,0.25287428,0.64832777,0.20937015,0.31432185,0.35312408,0.33161187,0.53899264,0.6693377,-0.09926573,0.2375828,0.11667058,0.41133776,0.22096577,0.7274704,-0.13125505,-0.07928645,-0.33154562,-0.11599626,0.37074634,0.52422714,0.8661246,0.3614365,0.74727273,0.80185586,0.9301955,0.19048285,-0.26548427,-0.23133013,0.4470095,0.17495418,1.0,0.36903602,0.25079048,0.42580205,0.7663293,0.5149231,0.5564887,0.6225705,0.43139914,0.30060163,0.57327837,-0.116289586,0.30083713,-0.058160022,0.89962727,-0.34115702,0.38527793,-0.17919217,0.76264375,0.71240914,0.32516834,0.72321975,0.68033236,0.69821227,0.69108444,-0.14034224,0.7805721,0.7899502,0.778845,0.6289279,0.75247455,0.8076578,0.5897167,0.73203605,0.77227014,0.72174376,0.77634704,0.9085054,-0.24615252,0.19188215,0.8114123,0.5181479,0.7778968,0.49719262,0.23755984,0.30562228,0.6215365,-0.13821092,0.112215206,0.4113489,0.16303268,0.22414707,0.5857944,0.88590616,0.85288525,-0.092161104,-0.16270229
IL4R,0.5219838,0.91213024,0.82711065,0.8159467,0.9281456,0.6590319,0.8240009,0.9136078,0.8628333,0.80276054,-0.5762271,0.89372176,0.765492,0.6387007,0.7785638,0.70485663,-0.775362,-0.6787396,-0.85010624,-0.7585551,0.85694146,0.8570279,0.49254492,0.81091475,0.6444814,0.6032184,0.4395718,0.8179364,-0.8570933,-0.8410754,0.9178603,0.771848,0.36903602,1.0,0.52785385,0.90821904,0.5135321,0.7511725,0.71680903,0.7927007,0.7223921,0.8146055,0.87231076,-0.6507962,0.9350337,-0.74622077,0.40774557,-0.84057945,0.92687774,-0.83611745,0.594828,0.6836581,0.87027353,0.6978581,0.77178794,0.668362,0.6847904,-0.7684411,0.6210322,0.6609664,0.6407803,0.86132246,0.60396266,0.6527668,0.83427656,0.7316448,0.70065206,0.5580806,0.6287298,0.41298488,-0.8415073,0.79471123,0.66305244,0.82477766,0.7006988,0.8414744,0.77587336,0.88021606,0.7188202,-0.75500816,0.7145759,0.48262239,0.7884087,0.8007516,0.81681484,0.4191169,0.2963731,-0.77830946,-0.8185271
KIF23,0.22041245,0.528668,0.3825193,0.6174368,0.5091371,0.9391444,0.60836595,0.54096514,0.44932717,0.41287705,-0.31266093,0.5808061,0.66141135,0.17437698,0.4332905,0.4211866,-0.27291515,-0.26157632,-0.39647564,-0.35465762,0.39760622,0.44340187,0.37322018,0.7259498,0.5707235,0.4983003,0.23850624,0.7160308,-0.44820192,-0.36373085,0.5971661,0.40890354,0.25079048,0.52785385,1.0,0.648666,0.26040164,0.36792406,0.38398713,0.41422,0.34001145,0.49829653,0.61254674,-0.2810421,0.48319024,-0.19740719,0.18991947,-0.4351103,0.46344408,-0.35096264,0.44548836,0.38590893,0.47601968,0.31167212,0.30151138,0.26368472,0.27855414,-0.28978184,0.27846572,0.31831825,0.282157,0.49009815,0.32024056,0.3375401,0.39522636,0.4705919,0.33429256,0.25010067,0.2729581,0.19337492,-0.36443242,0.7137474,0.3200829,0.5029892,0.43015847,0.58275986,0.3796068,0.61245376,0.47214594,-0.29765666,0.62706155,0.056299604,0.42663503,0.5145324,0.64529777,0.15665865,0.26139396,-0.21800412,-0.28465736
LRP10,0.5205072,0.89341676,0.6967779,0.8791739,0.8472592,0.76271725,0.8129303,0.87004054,0.8525075,0.8265506,-0.48427126,0.8569883,0.7230659,0.57133526,0.69979316,0.7566918,-0.61926854,-0.5551748,-0.7413839,-0.646275,0.75945807,0.79086137,0.53750896,0.9325712,0.7370966,0.6863315,0.45785242,0.87320167,-0.7589352,-0.7143007,0.89718723,0.67979354,0.42580205,0.90821904,0.648666,1.0,0.63164824,0.74035096,0.7226985,0.7807554,0.6798465,0.74914515,0.91814446,-0.55356395,0.83495027,-0.59746915,0.40149796,-0.73150754,0.87050056,-0.7260791,0.602044,0.74766904,0.7784808,0.74510694,0.7692788,0.7089055,0.7082769,-0.6320305,0.67211473,0.7239785,0.70292497,0.8837545,0.66025096,0.70175093,0.8306639,0.8035867,0.7498912,0.657662,0.6862208,0.40750384,-0.71574014,0.8579399,0.6917733,0.7982828,0.72127235,0.9229852,0.63542724,0.8521408,0.7626399,-0.6092822,0.6796241,0.44248077,0.66374415,0.7295703,0.914105,0.44827643,0.34709343,-0.6245946,-0.68204033
MDM2,0.788573,0.5595191,0.23814075,0.71685547,0.36524576,0.33361557,0.41468865,0.42268836,0.63446635,0.82151306,-0.00069751334,0.4320335,0.15346274,0.406359,0.20553122,0.72619677,-0.10452191,-0.038735185,-0.3650543,-0.1250522,0.4320463,0.5960305,0.68693745,0.60696226,0.75386626,0.75953346,0.72526705,0.3077875,-0.29018006,-0.25605765,0.5089746,0.14818068,0.7663293,0.5135321,0.26040164,0.63164824,1.0,0.7099462,0.7540676,0.73992044,0.62166643,0.28026158,0.6906036,-0.06700835,0.4016772,-0.160555,0.6368662,-0.3387201,0.50066835,-0.22363777,0.60122377,0.795208,0.34963945,0.909421,0.8125575,0.8837305,0.8236722,-0.14520113,0.8642533,0.9086772,0.9040895,0.78215533,0.89604443,0.88838845,0.70985,0.86176544,0.839189,0.9432714,0.8988171,0.69023484,-0.27284363,0.33510932,0.8845897,0.6072804,0.7965079,0.6767827,0.16396074,0.4020566,0.6970195,-0.12457061,0.09737311,0.4005385,0.11080083,0.20245263,0.71362835,0.6895351,0.58412963,-0.18277879,-0.2097371
MED14,0.6340758,0.7522458,0.6178241,0.7710496,0.64469576,0.46063858,0.6372189,0.7025804,0.79905003,0.84793603,-0.4053385,0.666417,0.50495094,0.6012762,0.55479485,0.7179224,-0.47974852,-0.4445891,-0.7002282,-0.4882534,0.6415002,0.7166559,0.61818033,0.63077813,0.65199566,0.63419056,0.56720555,0.5357196,-0.6130629,-0.6228202,0.7654065,0.53777975,0.5149231,0.7511725,0.36792406,0.74035096,0.7099462,1.0,0.886848,0.9239159,0.9061555,0.60886097,0.79665196,-0.45338577,0.6841901,-0.48249346,0.503894,-0.6703087,0.75037336,-0.57908696,0.6882411,0.7645311,0.71142215,0.7813388,0.8373857,0.7919872,0.8081191,-0.5050351,0.7663646,0.7808368,0.7695167,0.8235217,0.7590631,0.78865606,0.82973856,0.79560363,0.7778378,0.74030125,0.7553672,0.5266233,-0.6394611,0.50492173,0.72745055,0.6953102,0.71705145,0.7147477,0.5251704,0.6365817,0.7540851,-0.5179353,0.45741728,0.5103601,0.5184131,0.5639497,0.75789034,0.53854966,0.48132026,-0.5254595,-0.5899061
MED27,0.63801706,0.6822008,0.4902733,0.6996636,0.60341316,0.439534,0.60837114,0.63553023,0.7029022,0.80527896,-0.19821155,0.6394057,0.40648752,0.44661924,0.3854436,0.6294869,-0.39931893,-0.25518218,-0.5813239,-0.35674986,0.66728956,0.7589983,0.55422324,0.64423037,0.68206096,0.6647749,0.5635092,0.44075173,-0.51771426,-0.49177447,0.6913441,0.3789147,0.5564887,0.71680903,0.38398713,0.7226985,0.7540676,0.886848,1.0,0.89765704,0.92335784,0.46968946,0.7637738,-0.259956,0.6286124,-0.39040795,0.48398304,-0.5915426,0.64699614,-0.45823258,0.5915518,0.68918294,0.5754759,0.82284784,0.821256,0.773954,0.7450237,-0.42081034,0.7107038,0.78675514,0.78228706,0.7927772,0.7876347,0.79690784,0.7550071,0.8258707,0.791941,0.7488347,0.7764795,0.5159567,-0.526938,0.46028692,0.77647763,0.7413889,0.7783532,0.72615373,0.4161638,0.61115134,0.6436108,-0.41495156,0.33252004,0.3278882,0.3587847,0.4045069,0.69881016,0.4783255,0.4122447,-0.42765528,-0.46681163
MED4,0.70876044,0.80201536,0.6626462,0.82817155,0.6814622,0.51860404,0.66577625,0.7330919,0.83793426,0.88889027,-0.44759825,0.698645,0.5238561,0.6211115,0.60206866,0.7846595,-0.5314392,-0.47650388,-0.73119986,-0.53123516,0.6929263,0.77548015,0.7094045,0.65642524,0.7572161,0.748626,0.6772475,0.5737132,-0.66103256,-0.66491723,0.8141923,0.57612026,0.6225705,0.7927007,0.41422,0.7807554,0.73992044,0.9239159,0.89765704,1.0,0.8692454,0.6608923,0.84403276,-0.48428425,0.72232485,-0.5053275,0.614232,-0.7162976,0.78872365,-0.61089414,0.76027316,0.8161747,0.74207,0.8303622,0.8722698,0.81998324,0.8461367,-0.55697644,0.8129983,0.8382811,0.8277434,0.87435126,0.8034998,0.8559329,0.86340946,0.85928637,0.83996403,0.7723552,0.8171425,0.62349594,-0.6789839,0.5343925,0.7929944,0.75941586,0.8114645,0.76343983,0.58929175,0.68630147,0.7919119,-0.5593818,0.4921903,0.51335716,0.56622565,0.6093689,0.8117544,0.639927,0.5816022,-0.52821845,-0.62032336
MED7,0.5414098,0.6757498,0.5697537,0.65223,0.6346954,0.41432703,0.59779865,0.6690366,0.7035493,0.75492305,-0.2975696,0.6559875,0.45348713,0.49910146,0.44494066,0.5812885,-0.47544843,-0.34519926,-0.6414973,-0.4232831,0.67257106,0.7220921,0.4951252,0.5775189,0.5883346,0.5612946,0.47759652,0.45315194,-0.5630823,-0.56044215,0.707223,0.46379426,0.43139914,0.7223921,0.34001145,0.6798465,0.62166643,0.9061555,0.92335784,0.8692454,1.0,0.5029982,0.7217736,-0.35300177,0.6654863,-0.47606504,0.4092257,-0.63981813,0.66838574,-0.52586776,0.5767953,0.6228883,0.6343042,0.72901845,0.7738638,0.6915572,0.6946055,-0.501859,0.63212067,0.6889835,0.68746316,0.7332734,0.6795514,0.7121963,0.7401803,0.7301155,0.7245068,0.651099,0.6922034,0.43212375,-0.6090691,0.45555824,0.66267204,0.7084152,0.6846515,0.67529243,0.49005628,0.613444,0.61341405,-0.5033562,0.38903406,0.37009782,0.44819546,0.46844155,0.6327071,0.4109523,0.3505056,-0.50523007,-0.54975915
MMUT,0.3804583,0.8230299,0.86423534,0.70172894,0.8245907,0.6244769,0.7470335,0.8713661,0.7792937,0.6471663,-0.8263858,0.7788504,0.827411,0.6752413,0.9455321,0.6430151,-0.79949594,-0.8448346,-0.8727642,-0.8271493,0.669164,0.6230943,0.52004236,0.592671,0.53435856,0.51300746,0.40653324,0.7853633,-0.87851256,-0.89092076,0.8547511,0.8548735,0.30060163,0.8146055,0.49829653,0.74914515,0.28026158,0.60886097,0.46968946,0.6608923,0.5029982,1.0,0.7372324,-0.8359484,0.8522609,-0.73827344,0.37945673,-0.87781334,0.85108,-0.86524177,0.6365304,0.57300705,0.8660796,0.46670166,0.58454996,0.46755153,0.53842086,-0.8018946,0.52200866,0.48744163,0.46386826,0.6784465,0.40647614,0.50078464,0.7070556,0.53503746,0.5191663,0.34578374,0.4371562,0.3488026,-0.884567,0.689769,0.44940802,0.6302222,0.52065593,0.63996935,0.85741675,0.8112948,0.6526221,-0.818271,0.8393674,0.5592836,0.8974681,0.92358094,0.69740885,0.43265224,0.374894,-0.75439274,-0.82473296
MSH5,0.6573493,0.9145057,0.70495456,0.93170756,0.7692737,0.7296139,0.81734604,0.86618483,0.87516433,0.8881999,-0.46562794,0.7897726,0.66852456,0.6247049,0.6758139,0.8549022,-0.55916584,-0.516594,-0.73467684,-0.600374,0.7674271,0.8239646,0.6883416,0.85157967,0.81507504,0.77006024,0.6067363,0.7987854,-0.7224609,-0.6801588,0.91510326,0.6527081,0.57327837,0.87231076,0.61254674,0.91814446,0.6906036,0.79665196,0.7637738,0.84403276,0.7217736,0.7372324,1.0,-0.5181168,0.8011353,-0.5330282,0.5456455,-0.7206877,0.8533181,-0.68754685,0.7364951,0.8198443,0.79241586,0.7966112,0.82934207,0.76593816,0.771918,-0.5627647,0.74760807,0.80445164,0.7773477,0.913139,0.7415913,0.78425014,0.88011056,0.871218,0.8322015,0.7316851,0.757976,0.5668846,-0.7001074,0.7820269,0.78329825,0.82741094,0.8134826,0.9092074,0.62312067,0.82648414,0.8375161,-0.5613406,0.6010485,0.51642704,0.6270764,0.6996753,0.93594927,0.58294225,0.52356863,-0.56074524,-0.6347473
NFKBIB,-0.18832684,-0.65999514,-0.8575569,-0.5450461,-0.67161286,-0.4017877,-0.56779635,-0.70502454,-0.6579581,-0.46826464,0.94594496,-0.6096726,-0.7142506,-0.5980854,-0.85010797,-0.52976817,0.83070856,0.96126425,0.831056,0.89904046,-0.5122646,-0.43376777,-0.36610985,-0.36743912,-0.36669168,-0.35795426,-0.24091865,-0.6590717,0.8229587,0.88836557,-0.70217824,-0.8965892,-0.116289586,-0.6507962,-0.2810421,-0.55356395,-0.06700835,-0.45338577,-0.259956,-0.48428425,-0.35300177,-0.8359484,-0.5181168,1.0,-0.67913574,0.79530555,-0.26185283,0.784592,-0.73766387,0.8596794,-0.49245963,-0.46178383,-0.82563484,-0.27144173,-0.42909715,-0.29973307,-0.41307026,0.8132246,-0.34598202,-0.2924465,-0.29046643,-0.47961366,-0.19511232,-0.32284287,-0.5852449,-0.31878218,-0.3383097,-0.19287576,-0.26850554,-0.16814254,0.8615445,-0.5313212,-0.2445968,-0.42114493,-0.313316,-0.46029794,-0.8596707,-0.64370525,-0.5370579,0.8663901,-0.7497811,-0.52168703,-0.8833922,-0.81897426,-0.49970052,-0.35444912,-0.26006857,0.7781798,0.86926174
NOP2,0.45111522,0.8701147,0.81787854,0.7308554,0.9341314,0.6112242,0.8159065,0.90308213,0.80064696,0.7158788,-0.6266598,0.87355334,0.8023264,0.63757414,0.83301854,0.61501986,-0.8125146,-0.71731,-0.8580638,-0.76535696,0.82568437,0.78422546,0.44328305,0.7311971,0.5578234,0.52434814,0.3866784,0.7906999,-0.86916316,-0.8565289,0.870612,0.7646429,0.30083713,0.9350337,0.48319024,0.83495027,0.4016772,0.6841901,0.6286124,0.72232485,0.6654863,0.8522609,0.8011353,-0.67913574,1.0,-0.79143614,0.35291037,-0.87685126,0.8830717,-0.85611045,0.5506347,0.58264923,0.84003067,0.5962461,0.70167774,0.56846136,0.5945133,-0.83370763,0.56064147,0.5771177,0.5460159,0.78481233,0.5080927,0.567669,0.7581233,0.64729977,0.6096932,0.44072172,0.5324085,0.36921105,-0.87987715,0.7582487,0.57059073,0.76454324,0.617945,0.7571327,0.81231153,0.8680737,0.62094647,-0.80363125,0.77129054,0.4694902,0.83359253,0.8433443,0.71846986,0.36552888,0.24809071,-0.8066386,-0.83151364
NQO2,-0.20437753,-0.6699189,-0.81402326,-0.49193677,-0.80165666,-0.30619776,-0.6487282,-0.73416495,-0.6199725,-0.49269718,0.734588,-0.71277124,-0.6675196,-0.51415014,-0.7644111,-0.4037846,0.8853446,0.8333244,0.82939374,0.8469087,-0.6613454,-0.5754683,-0.18305995,-0.461835,-0.2947584,-0.28710586,-0.16502567,-0.59375966,0.85474056,0.8675928,-0.663214,-0.77958447,-0.058160022,-0.74622077,-0.19740719,-0.59746915,-0.160555,-0.48249346,-0.39040795,-0.5053275,-0.47606504,-0.73827344,-0.5330282,0.79530555,-0.79143614,1.0,-0.16594273,0.80017436,-0.7316547,0.8786057,-0.28759706,-0.3731163,-0.77175736,-0.37966606,-0.50740874,-0.36005515,-0.38893947,0.8839681,-0.3143628,-0.32587403,-0.32796246,-0.5109714,-0.24529526,-0.31521314,-0.5720408,-0.3849169,-0.36506397,-0.2302414,-0.3037662,-0.10901038,0.8688896,-0.562468,-0.33186314,-0.5416309,-0.3582062,-0.5239757,-0.82320935,-0.71983916,-0.40826902,0.8862992,-0.6540854,-0.35874683,-0.78916615,-0.71082586,-0.46261743,-0.19201009,-0.00288131,0.92731684,0.88421506
NXF1,0.8990197,0.5189263,0.39555725,0.6333049,0.25601247,0.28111973,0.34557074,0.3640314,0.5775612,0.6413765,-0.2426446,0.25800472,0.1534075,0.49997616,0.32465452,0.7545291,-0.26935342,-0.22601657,-0.43770006,-0.24716567,0.42756215,0.5409632,0.8798605,0.28795853,0.67588335,0.73926187,0.9606407,0.21222924,-0.36002496,-0.35603204,0.49466527,0.31427756,0.89962727,0.40774557,0.18991947,0.40149796,0.6368662,0.503894,0.48398304,0.614232,0.4092257,0.37945673,0.5456455,-0.26185283,0.35291037,-0.16594273,1.0,-0.4350565,0.44790295,-0.28266972,0.8072711,0.719597,0.40475878,0.653545,0.65838623,0.6543068,0.68898296,-0.26116645,0.75505733,0.73170435,0.72494173,0.6143989,0.66199243,0.7655388,0.6017755,0.65288943,0.7325688,0.6318741,0.70874065,0.9380026,-0.35877097,0.16869704,0.7500215,0.5123837,0.741414,0.44799227,0.37712783,0.31198135,0.66004694,-0.26609325,0.18176457,0.4940818,0.32481146,0.31884468,0.5508865,0.9179348,0.86927855,-0.18428615,-0.28187668
PDE6B,-0.4629769,-0.8049734,-0.86997324,-0.6779769,-0.8444521,-0.5482005,-0.73418546,-0.843975,-0.7734338,-0.67691797,0.7575927,-0.7839647,-0.7512406,-0.69031966,-0.8502676,-0.61525774,0.8583251,0.795626,0.92915875,0.80141026,-0.7837225,-0.7482461,-0.52571756,-0.5815514,-0.57214695,-0.5565109,-0.46133387,-0.6777067,0.8970259,0.8986167,-0.82721853,-0.79195225,-0.34115702,-0.84057945,-0.4351103,-0.73150754,-0.3387201,-0.6703087,-0.5915426,-0.7162976,-0.63981813,-0.87781334,-0.7206877,0.784592,-0.87685126,0.80017436,-0.4350565,1.0,-0.82351875,0.8681466,-0.6264723,-0.5663348,-0.8399462,-0.5312965,-0.64963555,-0.51189303,-0.56449103,0.8793487,-0.5390626,-0.5242956,-0.5066712,-0.69734544,-0.46042666,-0.54287344,-0.71918094,-0.56910706,-0.57083416,-0.3871198,-0.50834155,-0.40960902,0.9131783,-0.6122656,-0.5500291,-0.7426216,-0.6286358,-0.6267367,-0.89372414,-0.8075368,-0.62517184,0.86793953,-0.7717246,-0.53798,-0.8744837,-0.8378188,-0.6482578,-0.4472343,-0.3662836,0.8030522,0.8410003
PDLIM1,0.53154016,0.91461474,0.8532635,0.832504,0.87452877,0.62030333,0.752658,0.8861505,0.9296483,0.83391786,-0.6865098,0.8527369,0.7361478,0.6947564,0.8211027,0.76296896,-0.76950973,-0.76532143,-0.87883925,-0.78999007,0.7907918,0.7879718,0.5729934,0.7409493,0.65381205,0.63271314,0.47667012,0.81187356,-0.8546266,-0.8679658,0.91299236,0.8313546,0.38527793,0.92687774,0.46344408,0.87050056,0.50066835,0.75037336,0.64699614,0.78872365,0.66838574,0.85108,0.8533181,-0.73766387,0.8830717,-0.7316547,0.44790295,-0.82351875,1.0,-0.85005695,0.661132,0.7498247,0.88815147,0.7067636,0.800651,0.7082543,0.7658691,-0.7463657,0.69277596,0.7008633,0.6798245,0.8793028,0.63017684,0.6971606,0.88102156,0.7211863,0.7053802,0.5820305,0.66217244,0.4258,-0.85556155,0.7699018,0.64657253,0.76766413,0.6687357,0.8287914,0.8002649,0.8075043,0.77423143,-0.7632773,0.709727,0.5830129,0.8256499,0.8216553,0.81784284,0.50278056,0.39983383,-0.74743456,-0.8542468
PRKCE,-0.321486,-0.80393785,-0.91693264,-0.6428494,-0.8523526,-0.4863269,-0.7433913,-0.8486124,-0.7599294,-0.60776293,0.81227463,-0.7898531,-0.7806954,-0.63799274,-0.8809216,-0.58204377,0.9110772,0.88649064,0.90860665,0.90958,-0.7614523,-0.6883444,-0.3619196,-0.5767146,-0.42721602,-0.39036238,-0.2931272,-0.76794636,0.95033944,0.91843945,-0.82180333,-0.8884301,-0.17919217,-0.83611745,-0.35096264,-0.7260791,-0.22363777,-0.57908696,-0.45823258,-0.61089414,-0.52586776,-0.86524177,-0.68754685,0.8596794,-0.85611045,0.8786057,-0.28266972,0.8681466,-0.85005695,1.0,-0.49952263,-0.51737326,-0.8869609,-0.4427297,-0.5840777,-0.45574528,-0.48835245,0.89349306,-0.44158465,-0.42856976,-0.43892714,-0.6453494,-0.34939834,-0.43137473,-0.68932,-0.48807168,-0.49052864,-0.3127074,-0.39151162,-0.25439534,0.92666674,-0.693867,-0.43028218,-0.66038084,-0.48766953,-0.63786495,-0.87415296,-0.8091769,-0.5846,0.89781815,-0.78010124,-0.4997651,-0.8826607,-0.84926486,-0.6206783,-0.32902795,-0.20205528,0.8901643,0.91029364
PRPF18,0.78985023,0.72543675,0.5885473,0.8090044,0.44784772,0.54984194,0.50288725,0.60454255,0.78730965,0.7786643,-0.4933324,0.47720996,0.43646613,0.64450425,0.58160985,0.86157745,-0.4123287,-0.4584569,-0.6344935,-0.44436827,0.5198913,0.6090455,0.9441264,0.46733668,0.7639943,0.80599105,0.8452148,0.49088556,-0.5607883,-0.56411505,0.72457653,0.5402645,0.76264375,0.594828,0.44548836,0.602044,0.60122377,0.6882411,0.5915518,0.76027316,0.5767953,0.6365304,0.7364951,-0.49245963,0.5506347,-0.28759706,0.8072711,-0.6264723,0.661132,-0.49952263,1.0,0.82270205,0.6466871,0.67798895,0.737043,0.71192616,0.7767294,-0.43265906,0.8107639,0.7676403,0.7506226,0.7598405,0.7117282,0.8021148,0.7666991,0.72739583,0.7798748,0.63795054,0.7262906,0.79832613,-0.5591901,0.39344928,0.721997,0.62132406,0.7564432,0.6143638,0.5575909,0.5187284,0.84995055,-0.43035984,0.44987598,0.6247346,0.5509569,0.5960722,0.7263242,0.8326151,0.8872208,-0.3346557,-0.46069485
PRPF8,0.8083174,0.75781983,0.58547586,0.88904274,0.5396739,0.50743765,0.57264876,0.6371569,0.8349043,0.8732277,-0.39942434,0.59975624,0.4274983,0.6461074,0.53348154,0.9363531,-0.37668422,-0.43729243,-0.6342485,-0.47990894,0.58679235,0.68425,0.82814485,0.6523293,0.79365915,0.8005149,0.76372343,0.5615555,-0.55952865,-0.5572838,0.75203973,0.5408917,0.71240914,0.6836581,0.38590893,0.74766904,0.795208,0.7645311,0.68918294,0.8161747,0.6228883,0.57300705,0.8198443,-0.46178383,0.58264923,-0.3731163,0.719597,-0.5663348,0.7498247,-0.51737326,0.82270205,1.0,0.64750636,0.8353599,0.85026014,0.8590446,0.8960919,-0.38303724,0.8820127,0.88795704,0.8747721,0.8729617,0.8218359,0.8792115,0.8498939,0.84000826,0.83433086,0.84990835,0.8269164,0.70885444,-0.550961,0.52473897,0.82383657,0.69026965,0.7735675,0.7778095,0.48984712,0.5831512,0.9265197,-0.4066728,0.39418536,0.62277263,0.49002546,0.53333634,0.8487786,0.7898988,0.71805054,-0.39156437,-0.5021275
PRSS36,0.44709986,0.8628966,0.9283422,0.77728146,0.831699,0.5985896,0.7902742,0.8525782,0.83754563,0.72126836,-0.77550876,0.79134995,0.7887123,0.63578314,0.8549162,0.70716035,-0.82362205,-0.83477354,-0.89457923,-0.87046385,0.73485893,0.713746,0.51129395,0.622716,0.5629657,0.5304929,0.4158129,0.7738244,-0.8999296,-0.9027053,0.89473,0.9079129,0.32516834,0.87027353,0.47601968,0.7784808,0.34963945,0.71142215,0.5754759,0.74207,0.6343042,0.8660796,0.79241586,-0.82563484,0.84003067,-0.77175736,0.40475878,-0.8399462,0.88815147,-0.8869609,0.6466871,0.64750636,1.0,0.54567903,0.67706513,0.54850304,0.6197087,-0.80258626,0.53957856,0.5568841,0.5491872,0.7382325,0.48378015,0.5723699,0.7778332,0.6105048,0.60634506,0.4322647,0.51119906,0.36347997,-0.890271,0.7006311,0.5241376,0.6923261,0.5744524,0.7045496,0.85693437,0.8240785,0.71790075,-0.83430636,0.756795,0.50273865,0.8602376,0.85903764,0.74365705,0.44035503,0.3688987,-0.79968524,-0.8732486
PSMA1,0.789457,0.7288407,0.45960087,0.7954894,0.5628598,0.41983086,0.53994304,0.6039346,0.802749,0.9140595,-0.20331481,0.58959574,0.32976663,0.50961196,0.3797715,0.7829562,-0.35880402,-0.26479426,-0.5634509,-0.34695742,0.6147615,0.73538285,0.7165694,0.6824843,0.7998022,0.80718297,0.72250044,0.45952123,-0.49231145,-0.48277518,0.6785793,0.37136924,0.72321975,0.6978581,0.31167212,0.74510694,0.909421,0.7813388,0.82284784,0.8303622,0.72901845,0.46670166,0.7966112,-0.27144173,0.5962461,-0.37966606,0.653545,-0.5312965,0.7067636,-0.4427297,0.67798895,0.8353599,0.54567903,1.0,0.9344447,0.9334038,0.90658396,-0.37277326,0.8998375,0.9473166,0.9491772,0.8979172,0.9305774,0.94655836,0.8503935,0.90853435,0.89616853,0.9184382,0.94427574,0.668247,-0.50147265,0.48582056,0.9062661,0.73480964,0.8433204,0.80462307,0.40663037,0.55162776,0.7675393,-0.36227894,0.27087626,0.46615177,0.3424287,0.3754097,0.7708403,0.69435614,0.5754861,-0.39639175,-0.45606384
PSMA4,0.77158266,0.8011611,0.60141134,0.82832795,0.64251614,0.41569975,0.6217331,0.69991505,0.8878754,0.9330423,-0.35715452,0.6344829,0.42703667,0.6262714,0.5176919,0.81544054,-0.51876765,-0.4320153,-0.68455327,-0.47604573,0.68730515,0.786708,0.7337631,0.65351194,0.78013176,0.7947147,0.718343,0.52479684,-0.6149723,-0.61399984,0.7598762,0.51218253,0.68033236,0.77178794,0.30151138,0.7692788,0.8125575,0.8373857,0.821256,0.8722698,0.7738638,0.58454996,0.82934207,-0.42909715,0.70167774,-0.50740874,0.65838623,-0.64963555,0.800651,-0.5840777,0.737043,0.85026014,0.67706513,0.9344447,1.0,0.9244936,0.93552816,-0.51547587,0.9070771,0.9367443,0.92991805,0.92357725,0.9115723,0.92860776,0.9184775,0.9075427,0.90627104,0.8590318,0.90936595,0.66573757,-0.63206303,0.5269894,0.86773413,0.7468305,0.8336411,0.81725854,0.54789245,0.62547797,0.7870426,-0.5072743,0.38094977,0.5586439,0.50365853,0.5158006,0.79073036,0.70653445,0.586116,-0.53311837,-0.5919766
PSMA5,0.8023081,0.7045938,0.4633082,0.7880932,0.5228999,0.3708018,0.48952106,0.5576698,0.8176007,0.9046492,-0.22320099,0.5518841,0.29099903,0.5536246,0.40787876,0.80614525,-0.3495225,-0.294081,-0.5714521,-0.35546577,0.5580175,0.6965496,0.74085027,0.6214834,0.7210106,0.7483532,0.7316225,0.44403586,-0.49993467,-0.47974926,0.6519335,0.3803699,0.69821227,0.668362,0.26368472,0.7089055,0.8837305,0.7919872,0.773954,0.81998324,0.6915572,0.46755153,0.76593816,-0.29973307,0.56846136,-0.36005515,0.6543068,-0.51189303,0.7082543,-0.45574528,0.71192616,0.8590446,0.54850304,0.9334038,0.9244936,1.0,0.9377963,-0.35198468,0.9398397,0.9469538,0.9549465,0.8842005,0.92825514,0.9226525,0.8391759,0.88418496,0.8769975,0.9020608,0.908662,0.68554276,-0.47991174,0.42305994,0.8663585,0.66940945,0.79386854,0.7431639,0.38108495,0.5010325,0.7969897,-0.3350846,0.25330874,0.53600526,0.3525654,0.38511124,0.7629688,0.7190446,0.6133371,-0.39036936,-0.4345598
PSMA6,0.7840547,0.73667955,0.54041207,0.8183284,0.53612125,0.4104151,0.494932,0.6046517,0.8751815,0.9183855,-0.35203946,0.55615884,0.34471944,0.64176655,0.47558942,0.8449123,-0.40810093,-0.39697278,-0.6255658,-0.4174813,0.5598766,0.68200815,0.79699475,0.5869504,0.7706826,0.8055545,0.7496877,0.47572115,-0.52738917,-0.5599627,0.7023245,0.4702672,0.69108444,0.6847904,0.27855414,0.7082769,0.8236722,0.8081191,0.7450237,0.8461367,0.6946055,0.53842086,0.771918,-0.41307026,0.5945133,-0.38893947,0.68898296,-0.56449103,0.7658691,-0.48835245,0.7767294,0.8960919,0.6197087,0.90658396,0.93552816,0.9377963,1.0,-0.41492853,0.9445443,0.9404051,0.9274938,0.89763534,0.9159148,0.93557876,0.88821393,0.87091315,0.8834342,0.88365805,0.9177602,0.68794596,-0.5515533,0.4484282,0.8227593,0.6569258,0.7863844,0.7464693,0.47625226,0.5125483,0.83685476,-0.41697046,0.33230042,0.62135696,0.45661598,0.46998173,0.78363043,0.7689957,0.6814219,-0.40098417,-0.5135335
PSMB1,-0.2549758,-0.70955575,-0.8311157,-0.5261814,-0.8092791,-0.4079515,-0.64873224,-0.7665618,-0.665073,-0.5240156,0.78435355,-0.68765694,-0.7135151,-0.5688767,-0.8137557,-0.44284892,0.930017,0.83858377,0.85372514,0.8394278,-0.68134445,-0.60059005,-0.3147356,-0.47454366,-0.38345414,-0.37531722,-0.26511008,-0.63571304,0.88045716,0.9043519,-0.72145504,-0.80312485,-0.14034224,-0.7684411,-0.28978184,-0.6320305,-0.14520113,-0.5050351,-0.42081034,-0.55697644,-0.501859,-0.8018946,-0.5627647,0.8132246,-0.83370763,0.8839681,-0.26116645,0.8793487,-0.7463657,0.89349306,-0.43265906,-0.38303724,-0.80258626,-0.37277326,-0.51547587,-0.35198468,-0.41492853,1.0,-0.36385566,-0.34965384,-0.3438598,-0.5594638,-0.2724564,-0.36867926,-0.59677845,-0.4155829,-0.43551213,-0.20942159,-0.34057254,-0.21388055,0.90212655,-0.5630368,-0.34209225,-0.5648688,-0.43162537,-0.52910024,-0.8574072,-0.7224627,-0.44086868,0.92783326,-0.7554551,-0.41207424,-0.8633208,-0.7940566,-0.49568376,-0.28953186,-0.17066869,0.8646662,0.8730312
PSMB2,0.8422586,0.70503175,0.46226394,0.8090992,0.47146654,0.39391747,0.4571963,0.55035996,0.82208276,0.8930594,-0.30113068,0.49475315,0.3087117,0.6149633,0.45884654,0.8404891,-0.34142432,-0.33143482,-0.57565516,-0.342862,0.51133746,0.65029097,0.84700966,0.56681305,0.78004295,0.8163359,0.8239697,0.43811265,-0.4964802,-0.4967776,0.6502273,0.3915891,0.7805721,0.6210322,0.27846572,0.67211473,0.8642533,0.7663646,0.7107038,0.8129983,0.63212067,0.52200866,0.74760807,-0.34598202,0.56064147,-0.3143628,0.75505733,-0.5390626,0.69277596,-0.44158465,0.8107639,0.8820127,0.53957856,0.8998375,0.9070771,0.9398397,0.9445443,-0.36385566,1.0,0.9525718,0.94192815,0.87448466,0.9227988,0.9452784,0.84144074,0.8805209,0.8778002,0.88263655,0.91823536,0.776055,-0.49183792,0.3950838,0.8678821,0.6382436,0.80692905,0.70360994,0.40924424,0.47431517,0.8160956,-0.34105557,0.3062798,0.60141236,0.3984411,0.44518542,0.7589215,0.820854,0.74709475,-0.3432331,-0.41660854
PSMB3,0.84352034,0.7426725,0.4577819,0.83211374,0.51298934,0.4308916,0.5295051,0.58402604,0.8215103,0.9168473,-0.23289585,0.54198927,0.31355485,0.56638676,0.4224445,0.85268646,-0.3370256,-0.2805079,-0.55418974,-0.32599908,0.5695638,0.7014244,0.8152077,0.6430333,0.8180242,0.84312,0.80446506,0.45839688,-0.48208553,-0.47371116,0.67664176,0.37812036,0.7899502,0.6609664,0.31831825,0.7239785,0.9086772,0.7808368,0.78675514,0.8382811,0.6889835,0.48744163,0.80445164,-0.2924465,0.5771177,-0.32587403,0.73170435,-0.5242956,0.7008633,-0.42856976,0.7676403,0.88795704,0.5568841,0.9473166,0.9367443,0.9469538,0.9404051,-0.34965384,0.9525718,1.0,0.9676979,0.90120953,0.94361454,0.9672055,0.8549162,0.9245731,0.91803205,0.9172623,0.9389352,0.7539673,-0.48344886,0.4585649,0.90809447,0.6943866,0.8525987,0.7791278,0.40050632,0.5350164,0.8081044,-0.33898574,0.27829823,0.53020024,0.36741495,0.42277467,0.8019522,0.7848782,0.69662654,-0.3584008,-0.42035916
PSMB4,0.8363112,0.7023796,0.46506688,0.8066878,0.4922586,0.3884682,0.51211363,0.5599462,0.81286526,0.90410376,-0.22495401,0.5241134,0.2866741,0.5061422,0.40262884,0.83452123,-0.3374694,-0.27727702,-0.56245756,-0.34268403,0.5625858,0.7000349,0.79219425,0.61689955,0.78498495,0.81289905,0.79767406,0.4306112,-0.49142608,-0.46728095,0.6634582,0.3744805,0.778845,0.6407803,0.282157,0.70292497,0.9040895,0.7695167,0.78228706,0.8277434,0.68746316,0.46386826,0.7773477,-0.29046643,0.5460159,-0.32796246,0.72494173,-0.5066712,0.6798245,-0.43892714,0.7506226,0.8747721,0.5491872,0.9491772,0.92991805,0.9549465,0.9274938,-0.3438598,0.94192815,0.9676979,1.0,0.87759763,0.9384307,0.95860696,0.8300634,0.90607244,0.91476154,0.9156677,0.9290014,0.7367217,-0.48525146,0.4253883,0.9053699,0.70048046,0.8447742,0.76558447,0.3879809,0.50728595,0.7984893,-0.33711222,0.24685645,0.474703,0.34393862,0.38249987,0.7756559,0.7709754,0.67739177,-0.35794204,-0.41344288
PSMB5,0.73644876,0.8770327,0.6508938,0.91365546,0.7425873,0.62002987,0.69715255,0.78082454,0.9227865,0.9443079,-0.42418805,0.74793667,0.5813089,0.6446482,0.6179666,0.8536607,-0.5531367,-0.48766127,-0.72290945,-0.55677754,0.7477739,0.8189295,0.733007,0.8041038,0.81917834,0.8140148,0.6725869,0.7048573,-0.6821938,-0.6665871,0.85311407,0.5928321,0.6289279,0.86132246,0.49009815,0.8837545,0.78215533,0.8235217,0.7927772,0.87435126,0.7332734,0.6784465,0.913139,-0.47961366,0.78481233,-0.5109714,0.6143989,-0.69734544,0.8793028,-0.6453494,0.7598405,0.8729617,0.7382325,0.8979172,0.92357725,0.8842005,0.89763534,-0.5594638,0.87448466,0.90120953,0.87759763,1.0,0.85791093,0.8925375,0.9280209,0.91062117,0.89093447,0.81748384,0.8624064,0.6379123,-0.67860377,0.69725037,0.8446863,0.80824524,0.84481174,0.8933082,0.5923143,0.72781515,0.85089093,-0.5448954,0.53341776,0.56061006,0.59142184,0.6350912,0.89452994,0.66047764,0.57338506,-0.5381848,-0.6287826
PSMB6,0.8057778,0.647616,0.38033408,0.7618093,0.4463594,0.3958586,0.45833936,0.5126209,0.77535915,0.87968034,-0.1510081,0.4888257,0.2554125,0.50962424,0.32468224,0.7496233,-0.26648936,-0.1823127,-0.4865142,-0.2410156,0.5297006,0.6819804,0.753286,0.59523404,0.788216,0.803199,0.7507087,0.3848121,-0.40762112,-0.39747036,0.6008385,0.28945532,0.75247455,0.60396266,0.32024056,0.66025096,0.89604443,0.7590631,0.7876347,0.8034998,0.6795514,0.40647614,0.7415913,-0.19511232,0.5080927,-0.24529526,0.66199243,-0.46042666,0.63017684,-0.34939834,0.7117282,0.8218359,0.48378015,0.9305774,0.9115723,0.92825514,0.9159148,-0.2724564,0.9227988,0.94361454,0.9384307,0.85791093,1.0,0.9378309,0.8136988,0.90201753,0.8687387,0.8988251,0.9287065,0.7030288,-0.39713556,0.40072694,0.8773009,0.6669998,0.8180998,0.7199924,0.33394986,0.45395085,0.734282,-0.25760105,0.21210133,0.47984257,0.27403677,0.3254205,0.73138934,0.7006156,0.6489339,-0.27292636,-0.33148152
PSMB7,0.84953856,0.7234255,0.48038772,0.8159517,0.5066623,0.44252795,0.5146815,0.5851587,0.8180122,0.9075892,-0.2762707,0.5336476,0.3396073,0.5538581,0.42391622,0.835395,-0.35108992,-0.29452747,-0.57427233,-0.34854272,0.56860757,0.6932304,0.8341255,0.6071952,0.8357482,0.8588876,0.8311549,0.44699663,-0.48937142,-0.49059165,0.6852972,0.40809727,0.8076578,0.6527668,0.3375401,0.70175093,0.88838845,0.78865606,0.79690784,0.8559329,0.7121963,0.50078464,0.78425014,-0.32284287,0.567669,-0.31521314,0.7655388,-0.54287344,0.6971606,-0.43137473,0.8021148,0.8792115,0.5723699,0.94655836,0.92860776,0.9226525,0.93557876,-0.36867926,0.9452784,0.9672055,0.95860696,0.8925375,0.9378309,1.0,0.8571304,0.9144663,0.91862696,0.90679204,0.95042753,0.77270615,-0.50813913,0.43981844,0.9021682,0.7000858,0.8604559,0.7608185,0.43192193,0.51858646,0.81289285,-0.3725614,0.3173171,0.51819533,0.38480872,0.42661655,0.77952546,0.8029978,0.7332508,-0.33413815,-0.44189185
PSMC1,0.6897456,0.8716197,0.69917184,0.8717377,0.71677536,0.52937585,0.6912053,0.8024649,0.9275576,0.9184831,-0.52519196,0.7115617,0.5673146,0.7177694,0.6520858,0.847927,-0.60624236,-0.5774586,-0.75134194,-0.6153598,0.7195001,0.7739933,0.7142498,0.7045072,0.7893129,0.79186654,0.64835596,0.66702753,-0.7034975,-0.72190106,0.85313207,0.6523665,0.5897167,0.83427656,0.39522636,0.8306639,0.70985,0.82973856,0.7550071,0.86340946,0.7401803,0.7070556,0.88011056,-0.5852449,0.7581233,-0.5720408,0.6017755,-0.71918094,0.88102156,-0.68932,0.7666991,0.8498939,0.7778332,0.8503935,0.9184775,0.8391759,0.88821393,-0.59677845,0.84144074,0.8549162,0.8300634,0.9280209,0.8136988,0.8571304,1.0,0.8765998,0.87344396,0.79410994,0.8582727,0.5912284,-0.71979386,0.6427817,0.7828027,0.7511402,0.7878609,0.84407675,0.66128343,0.7177221,0.8416026,-0.5970608,0.5377732,0.65165293,0.63732,0.64987916,0.8460922,0.6765463,0.5722861,-0.58672094,-0.69962096
PSMC2,0.75973594,0.7815664,0.49837577,0.866187,0.59001786,0.550033,0.65772367,0.66826695,0.82201225,0.90423954,-0.26981235,0.61316985,0.43166518,0.50667864,0.4514241,0.81256217,-0.39433455,-0.30471453,-0.58167034,-0.39518902,0.6313313,0.7589517,0.7473175,0.7474288,0.8522776,0.85857904,0.72665346,0.5729066,-0.54551333,-0.52038133,0.7423407,0.4229914,0.73203605,0.7316448,0.4705919,0.8035867,0.86176544,0.79560363,0.8258707,0.85928637,0.7301155,0.53503746,0.871218,-0.31878218,0.64729977,-0.3849169,0.65288943,-0.56910706,0.7211863,-0.48807168,0.72739583,0.84000826,0.6105048,0.90853435,0.9075427,0.88418496,0.87091315,-0.4155829,0.8805209,0.9245731,0.90607244,0.91062117,0.90201753,0.9144663,0.8765998,1.0,0.9260661,0.88062567,0.91967124,0.6670374,-0.5201401,0.58935577,0.86990356,0.7313046,0.8579013,0.84721625,0.43349007,0.63848245,0.7875751,-0.38728198,0.38482758,0.4225969,0.4010204,0.46108276,0.8599282,0.67912376,0.60222423,-0.40667203,-0.46261942
PSMC6,0.80637157,0.77713895,0.5221962,0.825072,0.54553735,0.46353832,0.58712786,0.6551058,0.8220038,0.89452004,-0.26699919,0.5383666,0.35728943,0.5950237,0.44583493,0.8513506,-0.42336032,-0.30916148,-0.581109,-0.38202804,0.6337193,0.7554658,0.8060338,0.6495314,0.81505716,0.8483075,0.7944205,0.49749842,-0.53709364,-0.51808506,0.73750234,0.4346479,0.77227014,0.70065206,0.33429256,0.7498912,0.839189,0.7778378,0.791941,0.83996403,0.7245068,0.5191663,0.8322015,-0.3383097,0.6096932,-0.36506397,0.7325688,-0.57083416,0.7053802,-0.49052864,0.7798748,0.83433086,0.60634506,0.89616853,0.90627104,0.8769975,0.8834342,-0.43551213,0.8778002,0.91803205,0.91476154,0.89093447,0.8687387,0.91862696,0.87344396,0.9260661,1.0,0.86379486,0.9268159,0.7465808,-0.5321086,0.49377963,0.8707766,0.72192913,0.86895484,0.7902721,0.44066766,0.58173066,0.798811,-0.408554,0.3275349,0.5314657,0.40743947,0.45870164,0.81344026,0.7734349,0.68568915,-0.39542475,-0.47161737
PSMD14,0.7687248,0.6034736,0.3323655,0.748989,0.40141454,0.33549264,0.427565,0.4891209,0.7077395,0.84924173,-0.12527601,0.46808627,0.21136105,0.48161966,0.26482528,0.7828264,-0.17709522,-0.16457374,-0.4376293,-0.22999468,0.4734607,0.61057925,0.7052106,0.60918236,0.78204095,0.7787916,0.7082409,0.37237555,-0.34875423,-0.347403,0.5709553,0.26326904,0.72174376,0.5580806,0.25010067,0.657662,0.9432714,0.74030125,0.7488347,0.7723552,0.651099,0.34578374,0.7316851,-0.19287576,0.44072172,-0.2302414,0.6318741,-0.3871198,0.5820305,-0.3127074,0.63795054,0.84990835,0.4322647,0.9184382,0.8590318,0.9020608,0.88365805,-0.20942159,0.88263655,0.9172623,0.9156677,0.81748384,0.8988251,0.90679204,0.79410994,0.88062567,0.86379486,1.0,0.9334519,0.6530857,-0.35940367,0.38837045,0.85297465,0.6112376,0.78319037,0.7311153,0.25336236,0.4253233,0.76607966,-0.21004164,0.158681,0.47834358,0.20389307,0.2616624,0.7463354,0.71641856,0.59737206,-0.23126519,-0.30927
PSMD7,0.8122155,0.6895798,0.42104,0.7685668,0.47454166,0.38492185,0.46882126,0.55887204,0.786927,0.8904387,-0.21545655,0.49408865,0.26024872,0.5585262,0.34633926,0.78945595,-0.3182337,-0.24086194,-0.5278146,-0.30029973,0.5578858,0.69689435,0.77824116,0.6010939,0.83248574,0.85254645,0.7824187,0.40608302,-0.44478145,-0.45942506,0.6366873,0.3396765,0.77634704,0.6287298,0.2729581,0.6862208,0.8988171,0.7553672,0.7764795,0.8171425,0.6922034,0.4371562,0.757976,-0.26850554,0.5324085,-0.3037662,0.70874065,-0.50834155,0.66217244,-0.39151162,0.7262906,0.8269164,0.51119906,0.94427574,0.90936595,0.908662,0.9177602,-0.34057254,0.91823536,0.9389352,0.9290014,0.8624064,0.9287065,0.95042753,0.8582727,0.91967124,0.9268159,0.9334519,1.0,0.72113204,-0.45566922,0.41248375,0.8884398,0.6782578,0.84858537,0.7487841,0.37813187,0.4795344,0.7695713,-0.32208866,0.23915645,0.5277308,0.31622195,0.3452258,0.7482249,0.7662432,0.67098576,-0.30743477,-0.41542143
RAN,0.9191524,0.5167491,0.3368285,0.63768154,0.25919294,0.29364008,0.35101607,0.36015674,0.56102043,0.6543744,-0.14816935,0.27029556,0.15044531,0.5463642,0.30313054,0.7415276,-0.21115264,-0.13565034,-0.39125118,-0.15937456,0.4525432,0.5776639,0.8708281,0.3200988,0.66977763,0.72340983,0.94202787,0.20637591,-0.32238227,-0.2846125,0.48143682,0.23511738,0.9085054,0.41298488,0.19337492,0.40750384,0.69023484,0.5266233,0.5159567,0.62349594,0.43212375,0.3488026,0.5668846,-0.16814254,0.36921105,-0.10901038,0.9380026,-0.40960902,0.4258,-0.25439534,0.79832613,0.70885444,0.36347997,0.668247,0.66573757,0.68554276,0.68794596,-0.21388055,0.776055,0.7539673,0.7367217,0.6379123,0.7030288,0.77270615,0.5912284,0.6670374,0.7465808,0.6530857,0.72113204,1.0,-0.30960375,0.17110662,0.7988494,0.5609263,0.7829401,0.45390266,0.31659755,0.3235433,0.6432319,-0.20748933,0.16490354,0.5434249,0.27058598,0.3037583,0.55035233,0.88896406,0.8537966,-0.140424,-0.21598344
RIPK4,-0.3758786,-0.7984837,-0.91980165,-0.66432685,-0.8648024,-0.5007625,-0.7266056,-0.8613919,-0.76765054,-0.6423039,0.82241,-0.79712254,-0.80268365,-0.66224235,-0.88077337,-0.6096736,0.9100851,0.8748359,0.9218901,0.88427436,-0.7429923,-0.67750764,-0.4360924,-0.5529242,-0.5074142,-0.48070994,-0.36726943,-0.7258372,0.91129214,0.93827343,-0.8482811,-0.8712835,-0.24615252,-0.8415073,-0.36443242,-0.71574014,-0.27284363,-0.6394611,-0.526938,-0.6789839,-0.6090691,-0.884567,-0.7001074,0.8615445,-0.87987715,0.8688896,-0.35877097,0.9131783,-0.85556155,0.92666674,-0.5591901,-0.550961,-0.890271,-0.50147265,-0.63206303,-0.47991174,-0.5515533,0.90212655,-0.49183792,-0.48344886,-0.48525146,-0.67860377,-0.39713556,-0.50813913,-0.71979386,-0.5201401,-0.5321086,-0.35940367,-0.45566922,-0.30960375,1.0,-0.65075034,-0.46896887,-0.6816566,-0.5379144,-0.6470579,-0.9112648,-0.8056672,-0.6078282,0.9272468,-0.7995124,-0.5178962,-0.90980494,-0.858402,-0.619512,-0.4053566,-0.28638992,0.8428842,0.91900516
RPA1,0.23889495,0.7791748,0.6449804,0.72647107,0.7975108,0.81627405,0.7917949,0.8173723,0.68195736,0.58952916,-0.49454477,0.7850054,0.80850804,0.4159456,0.6546159,0.55966586,-0.58164924,-0.55076027,-0.6227082,-0.65261704,0.68580174,0.6457932,0.31064945,0.88349736,0.5639634,0.4820303,0.19312721,0.92879474,-0.68741083,-0.6330816,0.78701454,0.6726078,0.19188215,0.79471123,0.7137474,0.8579399,0.33510932,0.50492173,0.46028692,0.5343925,0.45555824,0.689769,0.7820269,-0.5313212,0.7582487,-0.562468,0.16869704,-0.6122656,0.7699018,-0.693867,0.39344928,0.52473897,0.7006311,0.48582056,0.5269894,0.42305994,0.4484282,-0.5630368,0.3950838,0.4585649,0.4253883,0.69725037,0.40072694,0.43981844,0.6427817,0.58935577,0.49377963,0.38837045,0.41248375,0.17110662,-0.65075034,1.0,0.4327785,0.66117865,0.49612433,0.83474565,0.60180587,0.82273185,0.58013976,-0.586143,0.75062305,0.2680147,0.65413976,0.6965052,0.78293747,0.20162095,0.13627015,-0.5592253,-0.65121275
RPL4,0.8901981,0.70472676,0.45346457,0.79323506,0.52125484,0.42659628,0.55501515,0.576314,0.7379278,0.8518564,-0.19228397,0.5652333,0.31008598,0.537923,0.38485324,0.79713756,-0.33489925,-0.24580756,-0.5626626,-0.32010403,0.6785849,0.80760604,0.76555306,0.6375296,0.8201999,0.8215584,0.81318086,0.41710272,-0.49175224,-0.4487857,0.6518779,0.34280017,0.8114123,0.66305244,0.3200829,0.6917733,0.8845897,0.72745055,0.77647763,0.7929944,0.66267204,0.44940802,0.78329825,-0.2445968,0.57059073,-0.33186314,0.7500215,-0.5500291,0.64657253,-0.43028218,0.721997,0.82383657,0.5241376,0.9062661,0.86773413,0.8663585,0.8227593,-0.34209225,0.8678821,0.90809447,0.9053699,0.8446863,0.8773009,0.9021682,0.7828027,0.86990356,0.8707766,0.85297465,0.8884398,0.7988494,-0.46896887,0.4327785,1.0,0.8136402,0.92438424,0.7303867,0.4275365,0.556244,0.7553888,-0.34140316,0.2581081,0.48145896,0.34163657,0.37645352,0.74623245,0.7368237,0.6462075,-0.3698252,-0.40842804
RPS2,0.67749447,0.78307015,0.68174446,0.77841675,0.763884,0.6177768,0.7246006,0.7682222,0.7577762,0.76416594,-0.37614864,0.788639,0.5946566,0.59031445,0.57338595,0.69669443,-0.58785945,-0.44940275,-0.73763436,-0.55269957,0.90636635,0.93315756,0.5662961,0.7484333,0.7384589,0.6922252,0.56575614,0.6400429,-0.7047994,-0.63167775,0.7857833,0.55474734,0.5181479,0.82477766,0.5029892,0.7982828,0.6072804,0.6953102,0.7413889,0.75941586,0.7084152,0.6302222,0.82741094,-0.42114493,0.76454324,-0.5416309,0.5123837,-0.7426216,0.76766413,-0.66038084,0.62132406,0.69026965,0.6923261,0.73480964,0.7468305,0.66940945,0.6569258,-0.5648688,0.6382436,0.6943866,0.70048046,0.80824524,0.6669998,0.7000858,0.7511402,0.7313046,0.72192913,0.6112376,0.6782578,0.5609263,-0.6816566,0.66117865,0.8136402,1.0,0.85578996,0.7805998,0.6685752,0.7742992,0.7086655,-0.5821588,0.5408468,0.44956112,0.5913114,0.59337777,0.74391776,0.48142588,0.41101322,-0.5748227,-0.61870515
RPS23,0.8360521,0.73084575,0.5229451,0.8115122,0.57098466,0.5282493,0.60328424,0.6386965,0.7559462,0.8440992,-0.2731986,0.59721947,0.4093827,0.5661002,0.43287817,0.7906179,-0.42993578,-0.3041461,-0.6050955,-0.3893026,0.73188347,0.84208614,0.7790243,0.65628487,0.8726988,0.87221634,0.79306024,0.49276492,-0.55675596,-0.5078745,0.71621203,0.40216073,0.7778968,0.7006988,0.43015847,0.72127235,0.7965079,0.71705145,0.7783532,0.8114645,0.6846515,0.52065593,0.8134826,-0.313316,0.617945,-0.3582062,0.741414,-0.6286358,0.6687357,-0.48766953,0.7564432,0.7735675,0.5744524,0.8433204,0.8336411,0.79386854,0.7863844,-0.43162537,0.80692905,0.8525987,0.8447742,0.84481174,0.8180998,0.8604559,0.7878609,0.8579013,0.86895484,0.78319037,0.84858537,0.7829401,-0.5379144,0.49612433,0.92438424,0.85578996,1.0,0.74868375,0.5103448,0.62199205,0.74669,-0.42912123,0.37174064,0.48666024,0.42910874,0.45154527,0.77116853,0.7326425,0.66289806,-0.3861158,-0.46318364
RRM1,0.56022435,0.86319256,0.61667323,0.8799203,0.7532611,0.69305974,0.74701345,0.823527,0.8417416,0.82949555,-0.40727517,0.7659602,0.6306021,0.51873463,0.5763547,0.77824885,-0.53423727,-0.46362367,-0.6580187,-0.56320953,0.73273695,0.76694006,0.5802811,0.8951916,0.77080387,0.73514307,0.50318646,0.80168486,-0.65373755,-0.6171524,0.843486,0.59618545,0.49719262,0.8414744,0.58275986,0.9229852,0.6767827,0.7147477,0.72615373,0.76343983,0.67529243,0.63996935,0.9092074,-0.46029794,0.7571327,-0.5239757,0.44799227,-0.6267367,0.8287914,-0.63786495,0.6143638,0.7778095,0.7045496,0.80462307,0.81725854,0.7431639,0.7464693,-0.52910024,0.70360994,0.7791278,0.76558447,0.8933082,0.7199924,0.7608185,0.84407675,0.84721625,0.7902721,0.7311153,0.7487841,0.45390266,-0.6470579,0.83474565,0.7303867,0.7805998,0.74868375,1.0,0.5565719,0.77420485,0.7621958,-0.5266004,0.560338,0.41412798,0.5635637,0.604782,0.89412946,0.5004986,0.4025187,-0.5192319,-0.6128282
SLC6A8,0.37484702,0.7497255,0.9022062,0.6124204,0.8055915,0.49623284,0.689034,0.8020546,0.71908,0.5598582,-0.845102,0.7314963,0.7654958,0.6560065,0.85860497,0.55303633,-0.892559,-0.8790195,-0.88706464,-0.86061585,0.7528704,0.6661317,0.43504867,0.4758505,0.47828162,0.45737505,0.36807382,0.65399307,-0.8642406,-0.9076037,0.7756154,0.85904366,0.23755984,0.77587336,0.3796068,0.63542724,0.16396074,0.5251704,0.4161638,0.58929175,0.49005628,0.85741675,0.62312067,-0.8596707,0.81231153,-0.82320935,0.37712783,-0.89372414,0.8002649,-0.87415296,0.5575909,0.48984712,0.85693437,0.40663037,0.54789245,0.38108495,0.47625226,-0.8574072,0.40924424,0.40050632,0.3879809,0.5923143,0.33394986,0.43192193,0.66128343,0.43349007,0.44066766,0.25336236,0.37813187,0.31659755,-0.9112648,0.60180587,0.4275365,0.6685752,0.5103448,0.5565719,1.0,0.7581827,0.56692183,-0.8970422,0.7752648,0.5196713,0.92706555,0.83988243,0.5553762,0.38618922,0.30120125,-0.81124115,-0.8878476
SLFN12,0.39601332,0.864884,0.7967957,0.75150526,0.8958973,0.71689624,0.922941,0.8886073,0.72885567,0.6589642,-0.58695835,0.8607313,0.84961164,0.58584636,0.7993817,0.6527889,-0.7272415,-0.6630542,-0.7888604,-0.75609505,0.80965143,0.77217317,0.40768424,0.7863949,0.591868,0.5388191,0.34108087,0.83286774,-0.83300626,-0.78171456,0.8703316,0.74278265,0.30562228,0.88021606,0.61245376,0.8521408,0.4020566,0.6365817,0.61115134,0.68630147,0.613444,0.8112948,0.82648414,-0.64370525,0.8680737,-0.71983916,0.31198135,-0.8075368,0.8075043,-0.8091769,0.5187284,0.5831512,0.8240785,0.55162776,0.62547797,0.5010325,0.5125483,-0.7224627,0.47431517,0.5350164,0.50728595,0.72781515,0.45395085,0.51858646,0.7177221,0.63848245,0.58173066,0.4253233,0.4795344,0.3235433,-0.8056672,0.82273185,0.556244,0.7742992,0.62199205,0.77420485,0.7581827,1.0,0.63566476,-0.7246193,0.789686,0.4085372,0.7580444,0.8057486,0.7699912,0.32952502,0.22728968,-0.7452188,-0.7594805
SNW1,0.74464756,0.792743,0.659982,0.8881456,0.5895645,0.60332346,0.5940713,0.68665725,0.85180765,0.8495719,-0.48565677,0.634772,0.5101734,0.6495528,0.6052492,0.9239163,-0.434992,-0.5130048,-0.69868493,-0.56578004,0.62097335,0.69515145,0.80365765,0.67544967,0.7741962,0.77361375,0.7034112,0.6414451,-0.6280387,-0.63780046,0.7941436,0.61286354,0.6215365,0.7188202,0.47214594,0.7626399,0.6970195,0.7540851,0.6436108,0.7919119,0.61341405,0.6526221,0.8375161,-0.5370579,0.62094647,-0.40826902,0.66004694,-0.62517184,0.77423143,-0.5846,0.84995055,0.9265197,0.71790075,0.7675393,0.7870426,0.7969897,0.83685476,-0.44086868,0.8160956,0.8081044,0.7984893,0.85089093,0.734282,0.81289285,0.8416026,0.7875751,0.798811,0.76607966,0.7695713,0.6432319,-0.6078282,0.58013976,0.7553888,0.7086655,0.74669,0.7621958,0.56692183,0.63566476,1.0,-0.46625656,0.47852406,0.62473077,0.56652355,0.6052674,0.85412157,0.7239091,0.6866866,-0.44948822,-0.5670813
SOX21,-0.24791978,-0.69114786,-0.8741263,-0.5339403,-0.80458075,-0.41620228,-0.65316504,-0.76136243,-0.6659646,-0.5119177,0.82918555,-0.69634616,-0.75242525,-0.56729573,-0.8181467,-0.4620368,0.92523,0.8745096,0.8674444,0.88392353,-0.6883095,-0.59272456,-0.31584212,-0.45664752,-0.38842505,-0.36460784,-0.25747448,-0.63954246,0.8727969,0.9013003,-0.7362185,-0.8475373,-0.13821092,-0.75500816,-0.29765666,-0.6092822,-0.12457061,-0.5179353,-0.41495156,-0.5593818,-0.5033562,-0.818271,-0.5613406,0.8663901,-0.80363125,0.8862992,-0.26609325,0.86793953,-0.7632773,0.89781815,-0.43035984,-0.4066728,-0.83430636,-0.36227894,-0.5072743,-0.3350846,-0.41697046,0.92783326,-0.34105557,-0.33898574,-0.33711222,-0.5448954,-0.25760105,-0.3725614,-0.5970608,-0.38728198,-0.408554,-0.21004164,-0.32208866,-0.20748933,0.9272468,-0.586143,-0.34140316,-0.5821588,-0.42912123,-0.5266004,-0.8970422,-0.7246193,-0.46625656,1.0,-0.7708991,-0.42545363,-0.88202924,-0.80013496,-0.4984912,-0.29792914,-0.1794142,0.8559443,0.9096877
STAR,0.16209546,0.6874423,0.75757116,0.5772738,0.78486663,0.6986907,0.73417056,0.76961225,0.59867257,0.43692413,-0.7594811,0.72700906,0.9322808,0.5096143,0.8368636,0.46079654,-0.73940283,-0.7491249,-0.736279,-0.77184564,0.5836311,0.5020939,0.31141323,0.5971083,0.4182016,0.3677558,0.19314653,0.8135244,-0.7840838,-0.7753317,0.7584908,0.7839975,0.112215206,0.7145759,0.62706155,0.6796241,0.09737311,0.45741728,0.33252004,0.4921903,0.38903406,0.8393674,0.6010485,-0.7497811,0.77129054,-0.6540854,0.18176457,-0.7717246,0.709727,-0.78010124,0.44987598,0.39418536,0.756795,0.27087626,0.38094977,0.25330874,0.33230042,-0.7554551,0.3062798,0.27829823,0.24685645,0.53341776,0.21210133,0.3173171,0.5377732,0.38482758,0.3275349,0.158681,0.23915645,0.16490354,-0.7995124,0.75062305,0.2581081,0.5408468,0.37174064,0.560338,0.7752648,0.789686,0.47852406,-0.7708991,1.0,0.35814756,0.84550875,0.8527756,0.5910894,0.22354896,0.1898056,-0.6442681,-0.74356216
TCP1,0.5423782,0.5536095,0.54320824,0.5374307,0.4098526,0.22385128,0.3335841,0.5323908,0.6139838,0.5835243,-0.4884872,0.38193858,0.33022857,0.93395156,0.5436625,0.6707256,-0.43633193,-0.49190927,-0.5304066,-0.43059787,0.48081455,0.47702795,0.6069996,0.2737465,0.44923347,0.47226024,0.5198912,0.3660005,-0.45256582,-0.5213288,0.55172104,0.48892143,0.4113489,0.48262239,0.056299604,0.44248077,0.4005385,0.5103601,0.3278882,0.51335716,0.37009782,0.5592836,0.51642704,-0.52168703,0.4694902,-0.35874683,0.4940818,-0.53798,0.5830129,-0.4997651,0.6247346,0.62277263,0.50273865,0.46615177,0.5586439,0.53600526,0.62135696,-0.41207424,0.60141236,0.53020024,0.474703,0.56061006,0.47984257,0.51819533,0.65165293,0.4225969,0.5314657,0.47834358,0.5277308,0.5434249,-0.5178962,0.2680147,0.48145896,0.44956112,0.48666024,0.41412798,0.5196713,0.4085372,0.62473077,-0.42545363,0.35814756,1.0,0.52553463,0.5435996,0.47481605,0.63549936,0.56287515,-0.35144082,-0.48778832
THAP12,0.30404824,0.76302904,0.9067959,0.6195517,0.8207454,0.562114,0.68287206,0.8215706,0.72446984,0.5345334,-0.8707989,0.7398947,0.81223977,0.66166884,0.9040612,0.56480706,-0.87912554,-0.9017079,-0.8754559,-0.8719978,0.6902974,0.6056013,0.41679126,0.50626385,0.4312955,0.4055005,0.30816656,0.74335295,-0.87157524,-0.9072496,0.80791205,0.8970638,0.16303268,0.7884087,0.42663503,0.66374415,0.11080083,0.5184131,0.3587847,0.56622565,0.44819546,0.8974681,0.6270764,-0.8833922,0.83359253,-0.78916615,0.32481146,-0.8744837,0.8256499,-0.8826607,0.5509569,0.49002546,0.8602376,0.3424287,0.50365853,0.3525654,0.45661598,-0.8633208,0.3984411,0.36741495,0.34393862,0.59142184,0.27403677,0.38480872,0.63732,0.4010204,0.40743947,0.20389307,0.31622195,0.27058598,-0.90980494,0.65413976,0.34163657,0.5913114,0.42910874,0.5635637,0.92706555,0.7580444,0.56652355,-0.88202924,0.84550875,0.52553463,1.0,0.9147723,0.58706534,0.34480464,0.28002948,-0.7826706,-0.8761589
TMX2,0.32722604,0.8074021,0.8591897,0.6762207,0.8286954,0.6469179,0.737446,0.850951,0.72807354,0.5823812,-0.8104664,0.76746494,0.84831834,0.6826502,0.9393399,0.61470336,-0.7901967,-0.8330601,-0.8189479,-0.8069271,0.65554607,0.5917632,0.45386487,0.5890337,0.46768963,0.43782026,0.32747492,0.7988787,-0.8497967,-0.8655982,0.8414403,0.85840905,0.22414707,0.8007516,0.5145324,0.7295703,0.20245263,0.5639497,0.4045069,0.6093689,0.46844155,0.92358094,0.6996753,-0.81897426,0.8433443,-0.71082586,0.31884468,-0.8378188,0.8216553,-0.84926486,0.5960722,0.53333634,0.85903764,0.3754097,0.5158006,0.38511124,0.46998173,-0.7940566,0.44518542,0.42277467,0.38249987,0.6350912,0.3254205,0.42661655,0.64987916,0.46108276,0.45870164,0.2616624,0.3452258,0.3037583,-0.858402,0.6965052,0.37645352,0.59337777,0.45154527,0.604782,0.83988243,0.8057486,0.6052674,-0.80013496,0.8527756,0.5435996,0.9147723,1.0,0.66707635,0.36814255,0.3196306,-0.73499376,-0.79883355
UGT3A1,0.63317055,0.86618376,0.64646876,0.9405027,0.7073315,0.75266755,0.7669974,0.79734725,0.85601366,0.8628689,-0.44950262,0.7412738,0.6303197,0.56866306,0.6339632,0.86620826,-0.48343483,-0.49091816,-0.6826795,-0.5718991,0.6664587,0.73748857,0.7020167,0.8645874,0.8100325,0.77654356,0.6099688,0.79416794,-0.67339057,-0.6263472,0.8724102,0.62049717,0.5857944,0.81681484,0.64529777,0.914105,0.71362835,0.75789034,0.69881016,0.8117544,0.6327071,0.69740885,0.93594927,-0.49970052,0.71846986,-0.46261743,0.5508865,-0.6482578,0.81784284,-0.6206783,0.7263242,0.8487786,0.74365705,0.7708403,0.79073036,0.7629688,0.78363043,-0.49568376,0.7589215,0.8019522,0.7756559,0.89452994,0.73138934,0.77952546,0.8460922,0.8599282,0.81344026,0.7463354,0.7482249,0.55035233,-0.619512,0.78293747,0.74623245,0.74391776,0.77116853,0.89412946,0.5553762,0.7699912,0.85412157,-0.4984912,0.5910894,0.47481605,0.58706534,0.66707635,1.0,0.6052854,0.5458627,-0.4858163,-0.5766482
VCP,0.8474271,0.5580509,0.41513473,0.6816848,0.27168372,0.27747813,0.3336644,0.40620044,0.640419,0.7051884,-0.32940674,0.27145907,0.18756144,0.6001269,0.3827807,0.8219771,-0.28599614,-0.30174124,-0.45870242,-0.29534882,0.38120234,0.49310273,0.91407406,0.31754455,0.7212695,0.7872007,0.92360413,0.27177984,-0.38184136,-0.39848322,0.52662426,0.35565868,0.88590616,0.4191169,0.15665865,0.44827643,0.6895351,0.53854966,0.4783255,0.639927,0.4109523,0.43265224,0.58294225,-0.35444912,0.36552888,-0.19201009,0.9179348,-0.4472343,0.50278056,-0.32902795,0.8326151,0.7898988,0.44035503,0.69435614,0.70653445,0.7190446,0.7689957,-0.28953186,0.820854,0.7848782,0.7709754,0.66047764,0.7006156,0.8029978,0.6765463,0.67912376,0.7734349,0.71641856,0.7662432,0.88896406,-0.4053566,0.20162095,0.7368237,0.48142588,0.7326425,0.5004986,0.38618922,0.32952502,0.7239091,-0.29792914,0.22354896,0.63549936,0.34480464,0.36814255,0.6052854,1.0,0.9064795,-0.20352413,-0.33065647
XAB2,0.78208464,0.48575294,0.31842306,0.63217854,0.13343005,0.34734732,0.23872884,0.31093183,0.56416273,0.6242742,-0.28976008,0.16847754,0.14175043,0.52186954,0.31435362,0.7557181,-0.1564733,-0.20465127,-0.3651754,-0.17590757,0.27418238,0.39604053,0.9465714,0.23586456,0.7000743,0.76485735,0.88934785,0.21748583,-0.2791523,-0.28920642,0.46514666,0.28029707,0.85288525,0.2963731,0.26139396,0.34709343,0.58412963,0.48132026,0.4122447,0.5816022,0.3505056,0.374894,0.52356863,-0.26006857,0.24809071,-0.00288131,0.86927855,-0.3662836,0.39983383,-0.20205528,0.8872208,0.71805054,0.3688987,0.5754861,0.586116,0.6133371,0.6814219,-0.17066869,0.74709475,0.69662654,0.67739177,0.57338506,0.6489339,0.7332508,0.5722861,0.60222423,0.68568915,0.59737206,0.67098576,0.8537966,-0.28638992,0.13627015,0.6462075,0.41101322,0.66289806,0.4025187,0.30120125,0.22728968,0.6866866,-0.1794142,0.1898056,0.56287515,0.28002948,0.3196306,0.5458627,0.9064795,1.0,-0.026534854,-0.1817646
ZNF165,-0.24219611,-0.714357,-0.8181403,-0.51358443,-0.82654095,-0.32749936,-0.68014896,-0.7369519,-0.6500884,-0.52435917,0.699918,-0.7304033,-0.6667575,-0.5127763,-0.77310634,-0.4363895,0.87386954,0.82455766,0.8374063,0.8420637,-0.692702,-0.62464774,-0.21127017,-0.4890897,-0.29922807,-0.28904924,-0.18596804,-0.61237335,0.87475616,0.86799765,-0.67533827,-0.7670141,-0.092161104,-0.77830946,-0.21800412,-0.6245946,-0.18277879,-0.5254595,-0.42765528,-0.52821845,-0.50523007,-0.75439274,-0.56074524,0.7781798,-0.8066386,0.92731684,-0.18428615,0.8030522,-0.74743456,0.8901643,-0.3346557,-0.39156437,-0.79968524,-0.39639175,-0.53311837,-0.39036936,-0.40098417,0.8646662,-0.3432331,-0.3584008,-0.35794204,-0.5381848,-0.27292636,-0.33413815,-0.58672094,-0.40667203,-0.39542475,-0.23126519,-0.30743477,-0.140424,0.8428842,-0.5592253,-0.3698252,-0.5748227,-0.3861158,-0.5192319,-0.81124115,-0.7452188,-0.44948822,0.8559443,-0.6442681,-0.35144082,-0.7826706,-0.73499376,-0.4858163,-0.20352413,-0.026534854,1.0,0.8713669
ZNF443,-0.29864845,-0.7704793,-0.89881897,-0.6073589,-0.84713805,-0.4346202,-0.69671893,-0.8172258,-0.7501241,-0.6034278,0.81678665,-0.75180024,-0.75238234,-0.6155068,-0.8264568,-0.5415617,0.8906009,0.89681494,0.8882275,0.9120461,-0.7311014,-0.6538275,-0.332743,-0.52017313,-0.43098283,-0.4037872,-0.26886848,-0.7039499,0.88233894,0.92656654,-0.79069823,-0.8806926,-0.16270229,-0.8185271,-0.28465736,-0.68204033,-0.2097371,-0.5899061,-0.46681163,-0.62032336,-0.54975915,-0.82473296,-0.6347473,0.86926174,-0.83151364,0.88421506,-0.28187668,0.8410003,-0.8542468,0.91029364,-0.46069485,-0.5021275,-0.8732486,-0.45606384,-0.5919766,-0.4345598,-0.5135335,0.8730312,-0.41660854,-0.42035916,-0.41344288,-0.6287826,-0.33148152,-0.44189185,-0.69962096,-0.46261942,-0.47161737,-0.30927,-0.41542143,-0.21598344,0.91900516,-0.65121275,-0.40842804,-0.61870515,-0.46318364,-0.6128282,-0.8878476,-0.7594805,-0.5670813,0.9096877,-0.74356216,-0.48778832,-0.8761589,-0.79883355,-0.5766482,-0.33065647,-0.1817646,0.8713669,1.0
